"REF_DATE","GEO","DGUID","Labour force characteristics","Statistics","Data type","UOM","UOM_ID","SCALAR_FACTOR","SCALAR_ID","VECTOR","COORDINATE","VALUE","STATUS","SYMBOL","TERMINATED","DECIMALS"
"2020-01","Canada","2016A000011124","Unemployment rate","Estimate","Unadjusted","Percentage","242","units","0","v91445773","1.5.1.2","5.5","","","","1"
"2020-02","Canada","2016A000011124","Unemployment rate","Estimate","Unadjusted","Percentage","242","units","0","v91445773","1.5.1.2","5.6","","","","1"
"2020-03","Canada","2016A000011124","Unemployment rate","Estimate","Unadjusted","Percentage","242","units","0","v91445773","1.5.1.2","6.7","","","","1"
"2020-04","Canada","2016A000011124","Unemployment rate","Estimate","Unadjusted","Percentage","242","units","0","v91445773","1.5.1.2","9.2","","","","1"
"2020-05","Canada","2016A000011124","Unemployment rate","Estimate","Unadjusted","Percentage","242","units","0","v91445773","1.5.1.2","11.9","","","","1"
"2020-06","Canada","2016A000011124","Unemployment rate","Estimate","Unadjusted","Percentage","242","units","0","v91445773","1.5.1.2","13.0","","","","1"
"2020-07","Canada","2016A000011124","Unemployment rate","Estimate","Unadjusted","Percentage","242","units","0","v91445773","1.5.1.2","12.3","","","","1"
"2020-08","Canada","2016A000011124","Unemployment rate","Estimate","Unadjusted","Percentage","242","units","0","v91445773","1.5.1.2","11.4","","","","1"
"2020-09","Canada","2016A000011124","Unemployment rate","Estimate","Unadjusted","Percentage","242","units","0","v91445773","1.5.1.2","10.2","","","","1"
"2020-10","Canada","2016A000011124","Unemployment rate","Estimate","Unadjusted","Percentage","242","units","0","v91445773","1.5.1.2","9.2","","","","1"
"2020-11","Canada","2016A000011124","Unemployment rate","Estimate","Unadjusted","Percentage","242","units","0","v91445773","1.5.1.2","8.2","","","","1"
"2020-12","Canada","2016A000011124","Unemployment rate","Estimate","Unadjusted","Percentage","242","units","0","v91445773","1.5.1.2","8.0","","","","1"
"2020-01","Newfoundland and Labrador","2016A000210","Unemployment rate","Estimate","Unadjusted","Percentage","242","units","0","v91445787","2.5.1.2","12.2","","","","1"
"2020-02","Newfoundland and Labrador","2016A000210","Unemployment rate","Estimate","Unadjusted","Percentage","242","units","0","v91445787","2.5.1.2","13.0","","","","1"
"2020-03","Newfoundland and Labrador","2016A000210","Unemployment rate","Estimate","Unadjusted","Percentage","242","units","0","v91445787","2.5.1.2","13.4","","","","1"
"2020-04","Newfoundland and Labrador","2016A000210","Unemployment rate","Estimate","Unadjusted","Percentage","242","units","0","v91445787","2.5.1.2","14.8","","","","1"
"2020-05","Newfoundland and Labrador","2016A000210","Unemployment rate","Estimate","Unadjusted","Percentage","242","units","0","v91445787","2.5.1.2","16.1","","","","1"
"2020-06","Newfoundland and Labrador","2016A000210","Unemployment rate","Estimate","Unadjusted","Percentage","242","units","0","v91445787","2.5.1.2","16.7","","","","1"
"2020-07","Newfoundland and Labrador","2016A000210","Unemployment rate","Estimate","Unadjusted","Percentage","242","units","0","v91445787","2.5.1.2","15.7","","","","1"
"2020-08","Newfoundland and Labrador","2016A000210","Unemployment rate","Estimate","Unadjusted","Percentage","242","units","0","v91445787","2.5.1.2","14.0","","","","1"
"2020-09","Newfoundland and Labrador","2016A000210","Unemployment rate","Estimate","Unadjusted","Percentage","242","units","0","v91445787","2.5.1.2","13.2","","","","1"
"2020-10","Newfoundland and Labrador","2016A000210","Unemployment rate","Estimate","Unadjusted","Percentage","242","units","0","v91445787","2.5.1.2","11.9","","","","1"
"2020-11","Newfoundland and Labrador","2016A000210","Unemployment rate","Estimate","Unadjusted","Percentage","242","units","0","v91445787","2.5.1.2","11.7","","","","1"
"2020-12","Newfoundland and Labrador","2016A000210","Unemployment rate","Estimate","Unadjusted","Percentage","242","units","0","v91445787","2.5.1.2","11.6","","","","1"
"2020-01","St. John's, Newfoundland and Labrador","2011S0503001","Unemployment rate","Estimate","Unadjusted","Percentage","242","units","0","v91445801","3.5.1.2","7.2","","","","1"
"2020-02","St. John's, Newfoundland and Labrador","2011S0503001","Unemployment rate","Estimate","Unadjusted","Percentage","242","units","0","v91445801","3.5.1.2","8.1","","","","1"
"2020-03","St. John's, Newfoundland and Labrador","2011S0503001","Unemployment rate","Estimate","Unadjusted","Percentage","242","units","0","v91445801","3.5.1.2","8.6","","","","1"
"2020-04","St. John's, Newfoundland and Labrador","2011S0503001","Unemployment rate","Estimate","Unadjusted","Percentage","242","units","0","v91445801","3.5.1.2","10.1","","","","1"
"2020-05","St. John's, Newfoundland and Labrador","2011S0503001","Unemployment rate","Estimate","Unadjusted","Percentage","242","units","0","v91445801","3.5.1.2","11.3","","","","1"
"2020-06","St. John's, Newfoundland and Labrador","2011S0503001","Unemployment rate","Estimate","Unadjusted","Percentage","242","units","0","v91445801","3.5.1.2","12.2","","","","1"
"2020-07","St. John's, Newfoundland and Labrador","2011S0503001","Unemployment rate","Estimate","Unadjusted","Percentage","242","units","0","v91445801","3.5.1.2","12.3","","","","1"
"2020-08","St. John's, Newfoundland and Labrador","2011S0503001","Unemployment rate","Estimate","Unadjusted","Percentage","242","units","0","v91445801","3.5.1.2","11.3","","","","1"
"2020-09","St. John's, Newfoundland and Labrador","2011S0503001","Unemployment rate","Estimate","Unadjusted","Percentage","242","units","0","v91445801","3.5.1.2","10.5","","","","1"
"2020-10","St. John's, Newfoundland and Labrador","2011S0503001","Unemployment rate","Estimate","Unadjusted","Percentage","242","units","0","v91445801","3.5.1.2","8.5","","","","1"
"2020-11","St. John's, Newfoundland and Labrador","2011S0503001","Unemployment rate","Estimate","Unadjusted","Percentage","242","units","0","v91445801","3.5.1.2","8.0","","","","1"
"2020-12","St. John's, Newfoundland and Labrador","2011S0503001","Unemployment rate","Estimate","Unadjusted","Percentage","242","units","0","v91445801","3.5.1.2","7.0","","","","1"
"2020-01","Prince Edward Island","2016A000211","Unemployment rate","Estimate","Unadjusted","Percentage","242","units","0","v91445815","4.5.1.2","8.8","","","","1"
"2020-02","Prince Edward Island","2016A000211","Unemployment rate","Estimate","Unadjusted","Percentage","242","units","0","v91445815","4.5.1.2","9.5","","","","1"
"2020-03","Prince Edward Island","2016A000211","Unemployment rate","Estimate","Unadjusted","Percentage","242","units","0","v91445815","4.5.1.2","10.2","","","","1"
"2020-04","Prince Edward Island","2016A000211","Unemployment rate","Estimate","Unadjusted","Percentage","242","units","0","v91445815","4.5.1.2","12.0","","","","1"
"2020-05","Prince Edward Island","2016A000211","Unemployment rate","Estimate","Unadjusted","Percentage","242","units","0","v91445815","4.5.1.2","13.1","","","","1"
"2020-06","Prince Edward Island","2016A000211","Unemployment rate","Estimate","Unadjusted","Percentage","242","units","0","v91445815","4.5.1.2","12.7","","","","1"
"2020-07","Prince Edward Island","2016A000211","Unemployment rate","Estimate","Unadjusted","Percentage","242","units","0","v91445815","4.5.1.2","11.1","","","","1"
"2020-08","Prince Edward Island","2016A000211","Unemployment rate","Estimate","Unadjusted","Percentage","242","units","0","v91445815","4.5.1.2","9.7","","","","1"
"2020-09","Prince Edward Island","2016A000211","Unemployment rate","Estimate","Unadjusted","Percentage","242","units","0","v91445815","4.5.1.2","8.9","","","","1"
"2020-10","Prince Edward Island","2016A000211","Unemployment rate","Estimate","Unadjusted","Percentage","242","units","0","v91445815","4.5.1.2","8.2","","","","1"
"2020-11","Prince Edward Island","2016A000211","Unemployment rate","Estimate","Unadjusted","Percentage","242","units","0","v91445815","4.5.1.2","8.7","","","","1"
"2020-12","Prince Edward Island","2016A000211","Unemployment rate","Estimate","Unadjusted","Percentage","242","units","0","v91445815","4.5.1.2","9.9","","","","1"
"2020-01","Nova Scotia","2016A000212","Unemployment rate","Estimate","Unadjusted","Percentage","242","units","0","v91445829","5.5.1.2","7.8","","","","1"
"2020-02","Nova Scotia","2016A000212","Unemployment rate","Estimate","Unadjusted","Percentage","242","units","0","v91445829","5.5.1.2","8.1","","","","1"
"2020-03","Nova Scotia","2016A000212","Unemployment rate","Estimate","Unadjusted","Percentage","242","units","0","v91445829","5.5.1.2","8.9","","","","1"
"2020-04","Nova Scotia","2016A000212","Unemployment rate","Estimate","Unadjusted","Percentage","242","units","0","v91445829","5.5.1.2","10.5","","","","1"
"2020-05","Nova Scotia","2016A000212","Unemployment rate","Estimate","Unadjusted","Percentage","242","units","0","v91445829","5.5.1.2","12.0","","","","1"
"2020-06","Nova Scotia","2016A000212","Unemployment rate","Estimate","Unadjusted","Percentage","242","units","0","v91445829","5.5.1.2","12.7","","","","1"
"2020-07","Nova Scotia","2016A000212","Unemployment rate","Estimate","Unadjusted","Percentage","242","units","0","v91445829","5.5.1.2","11.8","","","","1"
"2020-08","Nova Scotia","2016A000212","Unemployment rate","Estimate","Unadjusted","Percentage","242","units","0","v91445829","5.5.1.2","11.2","","","","1"
"2020-09","Nova Scotia","2016A000212","Unemployment rate","Estimate","Unadjusted","Percentage","242","units","0","v91445829","5.5.1.2","9.5","","","","1"
"2020-10","Nova Scotia","2016A000212","Unemployment rate","Estimate","Unadjusted","Percentage","242","units","0","v91445829","5.5.1.2","8.7","","","","1"
"2020-11","Nova Scotia","2016A000212","Unemployment rate","Estimate","Unadjusted","Percentage","242","units","0","v91445829","5.5.1.2","7.1","","","","1"
"2020-12","Nova Scotia","2016A000212","Unemployment rate","Estimate","Unadjusted","Percentage","242","units","0","v91445829","5.5.1.2","7.4","","","","1"
"2020-01","Halifax, Nova Scotia","2011S0503205","Unemployment rate","Estimate","Unadjusted","Percentage","242","units","0","v91445843","6.5.1.2","6.5","","","","1"
"2020-02","Halifax, Nova Scotia","2011S0503205","Unemployment rate","Estimate","Unadjusted","Percentage","242","units","0","v91445843","6.5.1.2","6.7","","","","1"
"2020-03","Halifax, Nova Scotia","2011S0503205","Unemployment rate","Estimate","Unadjusted","Percentage","242","units","0","v91445843","6.5.1.2","7.1","","","","1"
"2020-04","Halifax, Nova Scotia","2011S0503205","Unemployment rate","Estimate","Unadjusted","Percentage","242","units","0","v91445843","6.5.1.2","9.2","","","","1"
"2020-05","Halifax, Nova Scotia","2011S0503205","Unemployment rate","Estimate","Unadjusted","Percentage","242","units","0","v91445843","6.5.1.2","10.6","","","","1"
"2020-06","Halifax, Nova Scotia","2011S0503205","Unemployment rate","Estimate","Unadjusted","Percentage","242","units","0","v91445843","6.5.1.2","11.7","","","","1"
"2020-07","Halifax, Nova Scotia","2011S0503205","Unemployment rate","Estimate","Unadjusted","Percentage","242","units","0","v91445843","6.5.1.2","10.7","","","","1"
"2020-08","Halifax, Nova Scotia","2011S0503205","Unemployment rate","Estimate","Unadjusted","Percentage","242","units","0","v91445843","6.5.1.2","10.3","","","","1"
"2020-09","Halifax, Nova Scotia","2011S0503205","Unemployment rate","Estimate","Unadjusted","Percentage","242","units","0","v91445843","6.5.1.2","8.6","","","","1"
"2020-10","Halifax, Nova Scotia","2011S0503205","Unemployment rate","Estimate","Unadjusted","Percentage","242","units","0","v91445843","6.5.1.2","8.0","","","","1"
"2020-11","Halifax, Nova Scotia","2011S0503205","Unemployment rate","Estimate","Unadjusted","Percentage","242","units","0","v91445843","6.5.1.2","6.4","","","","1"
"2020-12","Halifax, Nova Scotia","2011S0503205","Unemployment rate","Estimate","Unadjusted","Percentage","242","units","0","v91445843","6.5.1.2","7.1","","","","1"
"2020-01","New Brunswick","2016A000213","Unemployment rate","Estimate","Unadjusted","Percentage","242","units","0","v91445857","7.5.1.2","7.7","","","","1"
"2020-02","New Brunswick","2016A000213","Unemployment rate","Estimate","Unadjusted","Percentage","242","units","0","v91445857","7.5.1.2","8.0","","","","1"
"2020-03","New Brunswick","2016A000213","Unemployment rate","Estimate","Unadjusted","Percentage","242","units","0","v91445857","7.5.1.2","9.2","","","","1"
"2020-04","New Brunswick","2016A000213","Unemployment rate","Estimate","Unadjusted","Percentage","242","units","0","v91445857","7.5.1.2","11.2","","","","1"
"2020-05","New Brunswick","2016A000213","Unemployment rate","Estimate","Unadjusted","Percentage","242","units","0","v91445857","7.5.1.2","12.9","","","","1"
"2020-06","New Brunswick","2016A000213","Unemployment rate","Estimate","Unadjusted","Percentage","242","units","0","v91445857","7.5.1.2","12.4","","","","1"
"2020-07","New Brunswick","2016A000213","Unemployment rate","Estimate","Unadjusted","Percentage","242","units","0","v91445857","7.5.1.2","10.4","","","","1"
"2020-08","New Brunswick","2016A000213","Unemployment rate","Estimate","Unadjusted","Percentage","242","units","0","v91445857","7.5.1.2","9.3","","","","1"
"2020-09","New Brunswick","2016A000213","Unemployment rate","Estimate","Unadjusted","Percentage","242","units","0","v91445857","7.5.1.2","9.1","","","","1"
"2020-10","New Brunswick","2016A000213","Unemployment rate","Estimate","Unadjusted","Percentage","242","units","0","v91445857","7.5.1.2","8.8","","","","1"
"2020-11","New Brunswick","2016A000213","Unemployment rate","Estimate","Unadjusted","Percentage","242","units","0","v91445857","7.5.1.2","8.6","","","","1"
"2020-12","New Brunswick","2016A000213","Unemployment rate","Estimate","Unadjusted","Percentage","242","units","0","v91445857","7.5.1.2","8.7","","","","1"
"2020-01","Moncton, New Brunswick","2011S0503305","Unemployment rate","Estimate","Unadjusted","Percentage","242","units","0","v91445871","8.5.1.2","5.0","","","","1"
"2020-02","Moncton, New Brunswick","2011S0503305","Unemployment rate","Estimate","Unadjusted","Percentage","242","units","0","v91445871","8.5.1.2","5.5","","","","1"
"2020-03","Moncton, New Brunswick","2011S0503305","Unemployment rate","Estimate","Unadjusted","Percentage","242","units","0","v91445871","8.5.1.2","6.3","","","","1"
"2020-04","Moncton, New Brunswick","2011S0503305","Unemployment rate","Estimate","Unadjusted","Percentage","242","units","0","v91445871","8.5.1.2","7.6","","","","1"
"2020-05","Moncton, New Brunswick","2011S0503305","Unemployment rate","Estimate","Unadjusted","Percentage","242","units","0","v91445871","8.5.1.2","9.3","","","","1"
"2020-06","Moncton, New Brunswick","2011S0503305","Unemployment rate","Estimate","Unadjusted","Percentage","242","units","0","v91445871","8.5.1.2","9.6","","","","1"
"2020-07","Moncton, New Brunswick","2011S0503305","Unemployment rate","Estimate","Unadjusted","Percentage","242","units","0","v91445871","8.5.1.2","8.5","","","","1"
"2020-08","Moncton, New Brunswick","2011S0503305","Unemployment rate","Estimate","Unadjusted","Percentage","242","units","0","v91445871","8.5.1.2","7.5","","","","1"
"2020-09","Moncton, New Brunswick","2011S0503305","Unemployment rate","Estimate","Unadjusted","Percentage","242","units","0","v91445871","8.5.1.2","7.4","","","","1"
"2020-10","Moncton, New Brunswick","2011S0503305","Unemployment rate","Estimate","Unadjusted","Percentage","242","units","0","v91445871","8.5.1.2","8.1","","","","1"
"2020-11","Moncton, New Brunswick","2011S0503305","Unemployment rate","Estimate","Unadjusted","Percentage","242","units","0","v91445871","8.5.1.2","8.3","","","","1"
"2020-12","Moncton, New Brunswick","2011S0503305","Unemployment rate","Estimate","Unadjusted","Percentage","242","units","0","v91445871","8.5.1.2","8.3","","","","1"
"2020-01","Saint John, New Brunswick","2011S0503310","Unemployment rate","Estimate","Unadjusted","Percentage","242","units","0","v91445885","9.5.1.2","7.4","","","","1"
"2020-02","Saint John, New Brunswick","2011S0503310","Unemployment rate","Estimate","Unadjusted","Percentage","242","units","0","v91445885","9.5.1.2","7.1","","","","1"
"2020-03","Saint John, New Brunswick","2011S0503310","Unemployment rate","Estimate","Unadjusted","Percentage","242","units","0","v91445885","9.5.1.2","8.1","","","","1"
"2020-04","Saint John, New Brunswick","2011S0503310","Unemployment rate","Estimate","Unadjusted","Percentage","242","units","0","v91445885","9.5.1.2","9.9","","","","1"
"2020-05","Saint John, New Brunswick","2011S0503310","Unemployment rate","Estimate","Unadjusted","Percentage","242","units","0","v91445885","9.5.1.2","12.0","","","","1"
"2020-06","Saint John, New Brunswick","2011S0503310","Unemployment rate","Estimate","Unadjusted","Percentage","242","units","0","v91445885","9.5.1.2","11.9","","","","1"
"2020-07","Saint John, New Brunswick","2011S0503310","Unemployment rate","Estimate","Unadjusted","Percentage","242","units","0","v91445885","9.5.1.2","10.3","","","","1"
"2020-08","Saint John, New Brunswick","2011S0503310","Unemployment rate","Estimate","Unadjusted","Percentage","242","units","0","v91445885","9.5.1.2","10.0","","","","1"
"2020-09","Saint John, New Brunswick","2011S0503310","Unemployment rate","Estimate","Unadjusted","Percentage","242","units","0","v91445885","9.5.1.2","10.5","","","","1"
"2020-10","Saint John, New Brunswick","2011S0503310","Unemployment rate","Estimate","Unadjusted","Percentage","242","units","0","v91445885","9.5.1.2","10.1","","","","1"
"2020-11","Saint John, New Brunswick","2011S0503310","Unemployment rate","Estimate","Unadjusted","Percentage","242","units","0","v91445885","9.5.1.2","9.9","","","","1"
"2020-12","Saint John, New Brunswick","2011S0503310","Unemployment rate","Estimate","Unadjusted","Percentage","242","units","0","v91445885","9.5.1.2","10.5","","","","1"
"2020-01","Quebec","2016A000224","Unemployment rate","Estimate","Unadjusted","Percentage","242","units","0","v91445899","10.5.1.2","5.1","","","","1"
"2020-02","Quebec","2016A000224","Unemployment rate","Estimate","Unadjusted","Percentage","242","units","0","v91445899","10.5.1.2","5.2","","","","1"
"2020-03","Quebec","2016A000224","Unemployment rate","Estimate","Unadjusted","Percentage","242","units","0","v91445899","10.5.1.2","6.4","","","","1"
"2020-04","Quebec","2016A000224","Unemployment rate","Estimate","Unadjusted","Percentage","242","units","0","v91445899","10.5.1.2","10.6","","","","1"
"2020-05","Quebec","2016A000224","Unemployment rate","Estimate","Unadjusted","Percentage","242","units","0","v91445899","10.5.1.2","13.4","","","","1"
"2020-06","Quebec","2016A000224","Unemployment rate","Estimate","Unadjusted","Percentage","242","units","0","v91445899","10.5.1.2","13.8","","","","1"
"2020-07","Quebec","2016A000224","Unemployment rate","Estimate","Unadjusted","Percentage","242","units","0","v91445899","10.5.1.2","10.8","","","","1"
"2020-08","Quebec","2016A000224","Unemployment rate","Estimate","Unadjusted","Percentage","242","units","0","v91445899","10.5.1.2","9.4","","","","1"
"2020-09","Quebec","2016A000224","Unemployment rate","Estimate","Unadjusted","Percentage","242","units","0","v91445899","10.5.1.2","8.3","","","","1"
"2020-10","Quebec","2016A000224","Unemployment rate","Estimate","Unadjusted","Percentage","242","units","0","v91445899","10.5.1.2","7.5","","","","1"
"2020-11","Quebec","2016A000224","Unemployment rate","Estimate","Unadjusted","Percentage","242","units","0","v91445899","10.5.1.2","6.7","","","","1"
"2020-12","Quebec","2016A000224","Unemployment rate","Estimate","Unadjusted","Percentage","242","units","0","v91445899","10.5.1.2","6.7","","","","1"
"2020-01","Saguenay, Quebec","2011S0503408","Unemployment rate","Estimate","Unadjusted","Percentage","242","units","0","v91445913","11.5.1.2","5.9","","","","1"
"2020-02","Saguenay, Quebec","2011S0503408","Unemployment rate","Estimate","Unadjusted","Percentage","242","units","0","v91445913","11.5.1.2","6.5","","","","1"
"2020-03","Saguenay, Quebec","2011S0503408","Unemployment rate","Estimate","Unadjusted","Percentage","242","units","0","v91445913","11.5.1.2","8.3","","","","1"
"2020-04","Saguenay, Quebec","2011S0503408","Unemployment rate","Estimate","Unadjusted","Percentage","242","units","0","v91445913","11.5.1.2","13.1","","","","1"
"2020-05","Saguenay, Quebec","2011S0503408","Unemployment rate","Estimate","Unadjusted","Percentage","242","units","0","v91445913","11.5.1.2","15.0","","","","1"
"2020-06","Saguenay, Quebec","2011S0503408","Unemployment rate","Estimate","Unadjusted","Percentage","242","units","0","v91445913","11.5.1.2","13.1","","","","1"
"2020-07","Saguenay, Quebec","2011S0503408","Unemployment rate","Estimate","Unadjusted","Percentage","242","units","0","v91445913","11.5.1.2","7.9","","","","1"
"2020-08","Saguenay, Quebec","2011S0503408","Unemployment rate","Estimate","Unadjusted","Percentage","242","units","0","v91445913","11.5.1.2","5.8","","","","1"
"2020-09","Saguenay, Quebec","2011S0503408","Unemployment rate","Estimate","Unadjusted","Percentage","242","units","0","v91445913","11.5.1.2","4.6","","","","1"
"2020-10","Saguenay, Quebec","2011S0503408","Unemployment rate","Estimate","Unadjusted","Percentage","242","units","0","v91445913","11.5.1.2","4.0","","","","1"
"2020-11","Saguenay, Quebec","2011S0503408","Unemployment rate","Estimate","Unadjusted","Percentage","242","units","0","v91445913","11.5.1.2","4.0","","","","1"
"2020-12","Saguenay, Quebec","2011S0503408","Unemployment rate","Estimate","Unadjusted","Percentage","242","units","0","v91445913","11.5.1.2","5.0","","","","1"
"2020-01","Québec, Quebec","2011S0503421","Unemployment rate","Estimate","Unadjusted","Percentage","242","units","0","v91445927","12.5.1.2","4.3","","","","1"
"2020-02","Québec, Quebec","2011S0503421","Unemployment rate","Estimate","Unadjusted","Percentage","242","units","0","v91445927","12.5.1.2","4.5","","","","1"
"2020-03","Québec, Quebec","2011S0503421","Unemployment rate","Estimate","Unadjusted","Percentage","242","units","0","v91445927","12.5.1.2","6.2","","","","1"
"2020-04","Québec, Quebec","2011S0503421","Unemployment rate","Estimate","Unadjusted","Percentage","242","units","0","v91445927","12.5.1.2","9.9","","","","1"
"2020-05","Québec, Quebec","2011S0503421","Unemployment rate","Estimate","Unadjusted","Percentage","242","units","0","v91445927","12.5.1.2","12.1","","","","1"
"2020-06","Québec, Quebec","2011S0503421","Unemployment rate","Estimate","Unadjusted","Percentage","242","units","0","v91445927","12.5.1.2","11.6","","","","1"
"2020-07","Québec, Quebec","2011S0503421","Unemployment rate","Estimate","Unadjusted","Percentage","242","units","0","v91445927","12.5.1.2","8.1","","","","1"
"2020-08","Québec, Quebec","2011S0503421","Unemployment rate","Estimate","Unadjusted","Percentage","242","units","0","v91445927","12.5.1.2","6.1","","","","1"
"2020-09","Québec, Quebec","2011S0503421","Unemployment rate","Estimate","Unadjusted","Percentage","242","units","0","v91445927","12.5.1.2","5.0","","","","1"
"2020-10","Québec, Quebec","2011S0503421","Unemployment rate","Estimate","Unadjusted","Percentage","242","units","0","v91445927","12.5.1.2","4.5","","","","1"
"2020-11","Québec, Quebec","2011S0503421","Unemployment rate","Estimate","Unadjusted","Percentage","242","units","0","v91445927","12.5.1.2","4.0","","","","1"
"2020-12","Québec, Quebec","2011S0503421","Unemployment rate","Estimate","Unadjusted","Percentage","242","units","0","v91445927","12.5.1.2","3.9","","","","1"
"2020-01","Sherbrooke, Quebec","2011S0503433","Unemployment rate","Estimate","Unadjusted","Percentage","242","units","0","v91445941","13.5.1.2","4.5","","","","1"
"2020-02","Sherbrooke, Quebec","2011S0503433","Unemployment rate","Estimate","Unadjusted","Percentage","242","units","0","v91445941","13.5.1.2","4.7","","","","1"
"2020-03","Sherbrooke, Quebec","2011S0503433","Unemployment rate","Estimate","Unadjusted","Percentage","242","units","0","v91445941","13.5.1.2","6.5","","","","1"
"2020-04","Sherbrooke, Quebec","2011S0503433","Unemployment rate","Estimate","Unadjusted","Percentage","242","units","0","v91445941","13.5.1.2","10.4","","","","1"
"2020-05","Sherbrooke, Quebec","2011S0503433","Unemployment rate","Estimate","Unadjusted","Percentage","242","units","0","v91445941","13.5.1.2","12.1","","","","1"
"2020-06","Sherbrooke, Quebec","2011S0503433","Unemployment rate","Estimate","Unadjusted","Percentage","242","units","0","v91445941","13.5.1.2","12.0","","","","1"
"2020-07","Sherbrooke, Quebec","2011S0503433","Unemployment rate","Estimate","Unadjusted","Percentage","242","units","0","v91445941","13.5.1.2","8.6","","","","1"
"2020-08","Sherbrooke, Quebec","2011S0503433","Unemployment rate","Estimate","Unadjusted","Percentage","242","units","0","v91445941","13.5.1.2","7.8","","","","1"
"2020-09","Sherbrooke, Quebec","2011S0503433","Unemployment rate","Estimate","Unadjusted","Percentage","242","units","0","v91445941","13.5.1.2","6.9","","","","1"
"2020-10","Sherbrooke, Quebec","2011S0503433","Unemployment rate","Estimate","Unadjusted","Percentage","242","units","0","v91445941","13.5.1.2","6.5","","","","1"
"2020-11","Sherbrooke, Quebec","2011S0503433","Unemployment rate","Estimate","Unadjusted","Percentage","242","units","0","v91445941","13.5.1.2","5.7","","","","1"
"2020-12","Sherbrooke, Quebec","2011S0503433","Unemployment rate","Estimate","Unadjusted","Percentage","242","units","0","v91445941","13.5.1.2","5.2","","","","1"
"2020-01","Trois-Rivières, Quebec","2011S0503442","Unemployment rate","Estimate","Unadjusted","Percentage","242","units","0","v91445955","14.5.1.2","5.2","","","","1"
"2020-02","Trois-Rivières, Quebec","2011S0503442","Unemployment rate","Estimate","Unadjusted","Percentage","242","units","0","v91445955","14.5.1.2","5.0","","","","1"
"2020-03","Trois-Rivières, Quebec","2011S0503442","Unemployment rate","Estimate","Unadjusted","Percentage","242","units","0","v91445955","14.5.1.2","7.2","","","","1"
"2020-04","Trois-Rivières, Quebec","2011S0503442","Unemployment rate","Estimate","Unadjusted","Percentage","242","units","0","v91445955","14.5.1.2","10.8","","","","1"
"2020-05","Trois-Rivières, Quebec","2011S0503442","Unemployment rate","Estimate","Unadjusted","Percentage","242","units","0","v91445955","14.5.1.2","13.6","","","","1"
"2020-06","Trois-Rivières, Quebec","2011S0503442","Unemployment rate","Estimate","Unadjusted","Percentage","242","units","0","v91445955","14.5.1.2","12.9","","","","1"
"2020-07","Trois-Rivières, Quebec","2011S0503442","Unemployment rate","Estimate","Unadjusted","Percentage","242","units","0","v91445955","14.5.1.2","9.4","","","","1"
"2020-08","Trois-Rivières, Quebec","2011S0503442","Unemployment rate","Estimate","Unadjusted","Percentage","242","units","0","v91445955","14.5.1.2","7.5","","","","1"
"2020-09","Trois-Rivières, Quebec","2011S0503442","Unemployment rate","Estimate","Unadjusted","Percentage","242","units","0","v91445955","14.5.1.2","6.2","","","","1"
"2020-10","Trois-Rivières, Quebec","2011S0503442","Unemployment rate","Estimate","Unadjusted","Percentage","242","units","0","v91445955","14.5.1.2","5.9","","","","1"
"2020-11","Trois-Rivières, Quebec","2011S0503442","Unemployment rate","Estimate","Unadjusted","Percentage","242","units","0","v91445955","14.5.1.2","5.2","","","","1"
"2020-12","Trois-Rivières, Quebec","2011S0503442","Unemployment rate","Estimate","Unadjusted","Percentage","242","units","0","v91445955","14.5.1.2","5.4","","","","1"
"2020-01","Montréal, Quebec","2011S0503462","Unemployment rate","Estimate","Unadjusted","Percentage","242","units","0","v91445969","15.5.1.2","5.6","","","","1"
"2020-02","Montréal, Quebec","2011S0503462","Unemployment rate","Estimate","Unadjusted","Percentage","242","units","0","v91445969","15.5.1.2","5.5","","","","1"
"2020-03","Montréal, Quebec","2011S0503462","Unemployment rate","Estimate","Unadjusted","Percentage","242","units","0","v91445969","15.5.1.2","6.7","","","","1"
"2020-04","Montréal, Quebec","2011S0503462","Unemployment rate","Estimate","Unadjusted","Percentage","242","units","0","v91445969","15.5.1.2","10.7","","","","1"
"2020-05","Montréal, Quebec","2011S0503462","Unemployment rate","Estimate","Unadjusted","Percentage","242","units","0","v91445969","15.5.1.2","14.1","","","","1"
"2020-06","Montréal, Quebec","2011S0503462","Unemployment rate","Estimate","Unadjusted","Percentage","242","units","0","v91445969","15.5.1.2","15.0","","","","1"
"2020-07","Montréal, Quebec","2011S0503462","Unemployment rate","Estimate","Unadjusted","Percentage","242","units","0","v91445969","15.5.1.2","13.0","","","","1"
"2020-08","Montréal, Quebec","2011S0503462","Unemployment rate","Estimate","Unadjusted","Percentage","242","units","0","v91445969","15.5.1.2","12.1","","","","1"
"2020-09","Montréal, Quebec","2011S0503462","Unemployment rate","Estimate","Unadjusted","Percentage","242","units","0","v91445969","15.5.1.2","10.8","","","","1"
"2020-10","Montréal, Quebec","2011S0503462","Unemployment rate","Estimate","Unadjusted","Percentage","242","units","0","v91445969","15.5.1.2","9.5","","","","1"
"2020-11","Montréal, Quebec","2011S0503462","Unemployment rate","Estimate","Unadjusted","Percentage","242","units","0","v91445969","15.5.1.2","8.1","","","","1"
"2020-12","Montréal, Quebec","2011S0503462","Unemployment rate","Estimate","Unadjusted","Percentage","242","units","0","v91445969","15.5.1.2","7.8","","","","1"
"2020-01","Ontario","2016A000235","Unemployment rate","Estimate","Unadjusted","Percentage","242","units","0","v91445983","16.5.1.2","5.0","","","","1"
"2020-02","Ontario","2016A000235","Unemployment rate","Estimate","Unadjusted","Percentage","242","units","0","v91445983","16.5.1.2","5.1","","","","1"
"2020-03","Ontario","2016A000235","Unemployment rate","Estimate","Unadjusted","Percentage","242","units","0","v91445983","16.5.1.2","6.2","","","","1"
"2020-04","Ontario","2016A000235","Unemployment rate","Estimate","Unadjusted","Percentage","242","units","0","v91445983","16.5.1.2","8.2","","","","1"
"2020-05","Ontario","2016A000235","Unemployment rate","Estimate","Unadjusted","Percentage","242","units","0","v91445983","16.5.1.2","11.0","","","","1"
"2020-06","Ontario","2016A000235","Unemployment rate","Estimate","Unadjusted","Percentage","242","units","0","v91445983","16.5.1.2","12.5","","","","1"
"2020-07","Ontario","2016A000235","Unemployment rate","Estimate","Unadjusted","Percentage","242","units","0","v91445983","16.5.1.2","12.8","","","","1"
"2020-08","Ontario","2016A000235","Unemployment rate","Estimate","Unadjusted","Percentage","242","units","0","v91445983","16.5.1.2","12.1","","","","1"
"2020-09","Ontario","2016A000235","Unemployment rate","Estimate","Unadjusted","Percentage","242","units","0","v91445983","16.5.1.2","11.0","","","","1"
"2020-10","Ontario","2016A000235","Unemployment rate","Estimate","Unadjusted","Percentage","242","units","0","v91445983","16.5.1.2","9.9","","","","1"
"2020-11","Ontario","2016A000235","Unemployment rate","Estimate","Unadjusted","Percentage","242","units","0","v91445983","16.5.1.2","8.7","","","","1"
"2020-12","Ontario","2016A000235","Unemployment rate","Estimate","Unadjusted","Percentage","242","units","0","v91445983","16.5.1.2","8.5","","","","1"
"2020-01","Ottawa-Gatineau, Ontario/Quebec","2011S0503505","Unemployment rate","Estimate","Unadjusted","Percentage","242","units","0","v91445997","17.5.1.2","4.1","","","","1"
"2020-02","Ottawa-Gatineau, Ontario/Quebec","2011S0503505","Unemployment rate","Estimate","Unadjusted","Percentage","242","units","0","v91445997","17.5.1.2","4.1","","","","1"
"2020-03","Ottawa-Gatineau, Ontario/Quebec","2011S0503505","Unemployment rate","Estimate","Unadjusted","Percentage","242","units","0","v91445997","17.5.1.2","5.1","","","","1"
"2020-04","Ottawa-Gatineau, Ontario/Quebec","2011S0503505","Unemployment rate","Estimate","Unadjusted","Percentage","242","units","0","v91445997","17.5.1.2","7.0","","","","1"
"2020-05","Ottawa-Gatineau, Ontario/Quebec","2011S0503505","Unemployment rate","Estimate","Unadjusted","Percentage","242","units","0","v91445997","17.5.1.2","8.8","","","","1"
"2020-06","Ottawa-Gatineau, Ontario/Quebec","2011S0503505","Unemployment rate","Estimate","Unadjusted","Percentage","242","units","0","v91445997","17.5.1.2","9.8","","","","1"
"2020-07","Ottawa-Gatineau, Ontario/Quebec","2011S0503505","Unemployment rate","Estimate","Unadjusted","Percentage","242","units","0","v91445997","17.5.1.2","9.6","","","","1"
"2020-08","Ottawa-Gatineau, Ontario/Quebec","2011S0503505","Unemployment rate","Estimate","Unadjusted","Percentage","242","units","0","v91445997","17.5.1.2","9.8","","","","1"
"2020-09","Ottawa-Gatineau, Ontario/Quebec","2011S0503505","Unemployment rate","Estimate","Unadjusted","Percentage","242","units","0","v91445997","17.5.1.2","8.9","","","","1"
"2020-10","Ottawa-Gatineau, Ontario/Quebec","2011S0503505","Unemployment rate","Estimate","Unadjusted","Percentage","242","units","0","v91445997","17.5.1.2","8.2","","","","1"
"2020-11","Ottawa-Gatineau, Ontario/Quebec","2011S0503505","Unemployment rate","Estimate","Unadjusted","Percentage","242","units","0","v91445997","17.5.1.2","6.8","","","","1"
"2020-12","Ottawa-Gatineau, Ontario/Quebec","2011S0503505","Unemployment rate","Estimate","Unadjusted","Percentage","242","units","0","v91445997","17.5.1.2","6.2","","","","1"
"2020-01","Ottawa-Gatineau, Quebec part, Ontario/Quebec","2011S050524505","Unemployment rate","Estimate","Unadjusted","Percentage","242","units","0","v91446011","18.5.1.2","4.5","","","","1"
"2020-02","Ottawa-Gatineau, Quebec part, Ontario/Quebec","2011S050524505","Unemployment rate","Estimate","Unadjusted","Percentage","242","units","0","v91446011","18.5.1.2","4.7","","","","1"
"2020-03","Ottawa-Gatineau, Quebec part, Ontario/Quebec","2011S050524505","Unemployment rate","Estimate","Unadjusted","Percentage","242","units","0","v91446011","18.5.1.2","6.3","","","","1"
"2020-04","Ottawa-Gatineau, Quebec part, Ontario/Quebec","2011S050524505","Unemployment rate","Estimate","Unadjusted","Percentage","242","units","0","v91446011","18.5.1.2","9.7","","","","1"
"2020-05","Ottawa-Gatineau, Quebec part, Ontario/Quebec","2011S050524505","Unemployment rate","Estimate","Unadjusted","Percentage","242","units","0","v91446011","18.5.1.2","11.8","","","","1"
"2020-06","Ottawa-Gatineau, Quebec part, Ontario/Quebec","2011S050524505","Unemployment rate","Estimate","Unadjusted","Percentage","242","units","0","v91446011","18.5.1.2","11.2","","","","1"
"2020-07","Ottawa-Gatineau, Quebec part, Ontario/Quebec","2011S050524505","Unemployment rate","Estimate","Unadjusted","Percentage","242","units","0","v91446011","18.5.1.2","9.1","","","","1"
"2020-08","Ottawa-Gatineau, Quebec part, Ontario/Quebec","2011S050524505","Unemployment rate","Estimate","Unadjusted","Percentage","242","units","0","v91446011","18.5.1.2","8.3","","","","1"
"2020-09","Ottawa-Gatineau, Quebec part, Ontario/Quebec","2011S050524505","Unemployment rate","Estimate","Unadjusted","Percentage","242","units","0","v91446011","18.5.1.2","8.3","","","","1"
"2020-10","Ottawa-Gatineau, Quebec part, Ontario/Quebec","2011S050524505","Unemployment rate","Estimate","Unadjusted","Percentage","242","units","0","v91446011","18.5.1.2","7.9","","","","1"
"2020-11","Ottawa-Gatineau, Quebec part, Ontario/Quebec","2011S050524505","Unemployment rate","Estimate","Unadjusted","Percentage","242","units","0","v91446011","18.5.1.2","6.7","","","","1"
"2020-12","Ottawa-Gatineau, Quebec part, Ontario/Quebec","2011S050524505","Unemployment rate","Estimate","Unadjusted","Percentage","242","units","0","v91446011","18.5.1.2","6.3","","","","1"
"2020-01","Ottawa-Gatineau, Ontario part, Ontario/Quebec","2011S050535505","Unemployment rate","Estimate","Unadjusted","Percentage","242","units","0","v91446025","19.5.1.2","3.9","","","","1"
"2020-02","Ottawa-Gatineau, Ontario part, Ontario/Quebec","2011S050535505","Unemployment rate","Estimate","Unadjusted","Percentage","242","units","0","v91446025","19.5.1.2","3.9","","","","1"
"2020-03","Ottawa-Gatineau, Ontario part, Ontario/Quebec","2011S050535505","Unemployment rate","Estimate","Unadjusted","Percentage","242","units","0","v91446025","19.5.1.2","4.8","","","","1"
"2020-04","Ottawa-Gatineau, Ontario part, Ontario/Quebec","2011S050535505","Unemployment rate","Estimate","Unadjusted","Percentage","242","units","0","v91446025","19.5.1.2","6.2","","","","1"
"2020-05","Ottawa-Gatineau, Ontario part, Ontario/Quebec","2011S050535505","Unemployment rate","Estimate","Unadjusted","Percentage","242","units","0","v91446025","19.5.1.2","7.8","","","","1"
"2020-06","Ottawa-Gatineau, Ontario part, Ontario/Quebec","2011S050535505","Unemployment rate","Estimate","Unadjusted","Percentage","242","units","0","v91446025","19.5.1.2","9.4","","","","1"
"2020-07","Ottawa-Gatineau, Ontario part, Ontario/Quebec","2011S050535505","Unemployment rate","Estimate","Unadjusted","Percentage","242","units","0","v91446025","19.5.1.2","9.8","","","","1"
"2020-08","Ottawa-Gatineau, Ontario part, Ontario/Quebec","2011S050535505","Unemployment rate","Estimate","Unadjusted","Percentage","242","units","0","v91446025","19.5.1.2","10.2","","","","1"
"2020-09","Ottawa-Gatineau, Ontario part, Ontario/Quebec","2011S050535505","Unemployment rate","Estimate","Unadjusted","Percentage","242","units","0","v91446025","19.5.1.2","9.1","","","","1"
"2020-10","Ottawa-Gatineau, Ontario part, Ontario/Quebec","2011S050535505","Unemployment rate","Estimate","Unadjusted","Percentage","242","units","0","v91446025","19.5.1.2","8.2","","","","1"
"2020-11","Ottawa-Gatineau, Ontario part, Ontario/Quebec","2011S050535505","Unemployment rate","Estimate","Unadjusted","Percentage","242","units","0","v91446025","19.5.1.2","6.8","","","","1"
"2020-12","Ottawa-Gatineau, Ontario part, Ontario/Quebec","2011S050535505","Unemployment rate","Estimate","Unadjusted","Percentage","242","units","0","v91446025","19.5.1.2","6.1","","","","1"
"2020-01","Kingston, Ontario","2011S0503521","Unemployment rate","Estimate","Unadjusted","Percentage","242","units","0","v91446039","20.5.1.2","5.4","","","","1"
"2020-02","Kingston, Ontario","2011S0503521","Unemployment rate","Estimate","Unadjusted","Percentage","242","units","0","v91446039","20.5.1.2","5.0","","","","1"
"2020-03","Kingston, Ontario","2011S0503521","Unemployment rate","Estimate","Unadjusted","Percentage","242","units","0","v91446039","20.5.1.2","6.0","","","","1"
"2020-04","Kingston, Ontario","2011S0503521","Unemployment rate","Estimate","Unadjusted","Percentage","242","units","0","v91446039","20.5.1.2","8.1","","","","1"
"2020-05","Kingston, Ontario","2011S0503521","Unemployment rate","Estimate","Unadjusted","Percentage","242","units","0","v91446039","20.5.1.2","11.1","","","","1"
"2020-06","Kingston, Ontario","2011S0503521","Unemployment rate","Estimate","Unadjusted","Percentage","242","units","0","v91446039","20.5.1.2","12.4","","","","1"
"2020-07","Kingston, Ontario","2011S0503521","Unemployment rate","Estimate","Unadjusted","Percentage","242","units","0","v91446039","20.5.1.2","11.6","","","","1"
"2020-08","Kingston, Ontario","2011S0503521","Unemployment rate","Estimate","Unadjusted","Percentage","242","units","0","v91446039","20.5.1.2","10.9","","","","1"
"2020-09","Kingston, Ontario","2011S0503521","Unemployment rate","Estimate","Unadjusted","Percentage","242","units","0","v91446039","20.5.1.2","10.0","","","","1"
"2020-10","Kingston, Ontario","2011S0503521","Unemployment rate","Estimate","Unadjusted","Percentage","242","units","0","v91446039","20.5.1.2","9.0","","","","1"
"2020-11","Kingston, Ontario","2011S0503521","Unemployment rate","Estimate","Unadjusted","Percentage","242","units","0","v91446039","20.5.1.2","7.0","","","","1"
"2020-12","Kingston, Ontario","2011S0503521","Unemployment rate","Estimate","Unadjusted","Percentage","242","units","0","v91446039","20.5.1.2","5.6","","","","1"
"2020-01","Peterborough, Ontario","2011S0503529","Unemployment rate","Estimate","Unadjusted","Percentage","242","units","0","v91446053","21.5.1.2","6.7","","","","1"
"2020-02","Peterborough, Ontario","2011S0503529","Unemployment rate","Estimate","Unadjusted","Percentage","242","units","0","v91446053","21.5.1.2","6.4","","","","1"
"2020-03","Peterborough, Ontario","2011S0503529","Unemployment rate","Estimate","Unadjusted","Percentage","242","units","0","v91446053","21.5.1.2","7.4","","","","1"
"2020-04","Peterborough, Ontario","2011S0503529","Unemployment rate","Estimate","Unadjusted","Percentage","242","units","0","v91446053","21.5.1.2","8.1","","","","1"
"2020-05","Peterborough, Ontario","2011S0503529","Unemployment rate","Estimate","Unadjusted","Percentage","242","units","0","v91446053","21.5.1.2","10.2","","","","1"
"2020-06","Peterborough, Ontario","2011S0503529","Unemployment rate","Estimate","Unadjusted","Percentage","242","units","0","v91446053","21.5.1.2","10.3","","","","1"
"2020-07","Peterborough, Ontario","2011S0503529","Unemployment rate","Estimate","Unadjusted","Percentage","242","units","0","v91446053","21.5.1.2","11.5","","","","1"
"2020-08","Peterborough, Ontario","2011S0503529","Unemployment rate","Estimate","Unadjusted","Percentage","242","units","0","v91446053","21.5.1.2","10.5","","","","1"
"2020-09","Peterborough, Ontario","2011S0503529","Unemployment rate","Estimate","Unadjusted","Percentage","242","units","0","v91446053","21.5.1.2","11.5","","","","1"
"2020-10","Peterborough, Ontario","2011S0503529","Unemployment rate","Estimate","Unadjusted","Percentage","242","units","0","v91446053","21.5.1.2","11.5","","","","1"
"2020-11","Peterborough, Ontario","2011S0503529","Unemployment rate","Estimate","Unadjusted","Percentage","242","units","0","v91446053","21.5.1.2","10.7","","","","1"
"2020-12","Peterborough, Ontario","2011S0503529","Unemployment rate","Estimate","Unadjusted","Percentage","242","units","0","v91446053","21.5.1.2","11.7","","","","1"
"2020-01","Oshawa, Ontario","2011S0503532","Unemployment rate","Estimate","Unadjusted","Percentage","242","units","0","v91446067","22.5.1.2","6.2","","","","1"
"2020-02","Oshawa, Ontario","2011S0503532","Unemployment rate","Estimate","Unadjusted","Percentage","242","units","0","v91446067","22.5.1.2","6.6","","","","1"
"2020-03","Oshawa, Ontario","2011S0503532","Unemployment rate","Estimate","Unadjusted","Percentage","242","units","0","v91446067","22.5.1.2","8.1","","","","1"
"2020-04","Oshawa, Ontario","2011S0503532","Unemployment rate","Estimate","Unadjusted","Percentage","242","units","0","v91446067","22.5.1.2","8.7","","","","1"
"2020-05","Oshawa, Ontario","2011S0503532","Unemployment rate","Estimate","Unadjusted","Percentage","242","units","0","v91446067","22.5.1.2","10.3","","","","1"
"2020-06","Oshawa, Ontario","2011S0503532","Unemployment rate","Estimate","Unadjusted","Percentage","242","units","0","v91446067","22.5.1.2","11.6","","","","1"
"2020-07","Oshawa, Ontario","2011S0503532","Unemployment rate","Estimate","Unadjusted","Percentage","242","units","0","v91446067","22.5.1.2","12.3","","","","1"
"2020-08","Oshawa, Ontario","2011S0503532","Unemployment rate","Estimate","Unadjusted","Percentage","242","units","0","v91446067","22.5.1.2","11.6","","","","1"
"2020-09","Oshawa, Ontario","2011S0503532","Unemployment rate","Estimate","Unadjusted","Percentage","242","units","0","v91446067","22.5.1.2","9.9","","","","1"
"2020-10","Oshawa, Ontario","2011S0503532","Unemployment rate","Estimate","Unadjusted","Percentage","242","units","0","v91446067","22.5.1.2","8.6","","","","1"
"2020-11","Oshawa, Ontario","2011S0503532","Unemployment rate","Estimate","Unadjusted","Percentage","242","units","0","v91446067","22.5.1.2","7.8","","","","1"
"2020-12","Oshawa, Ontario","2011S0503532","Unemployment rate","Estimate","Unadjusted","Percentage","242","units","0","v91446067","22.5.1.2","7.3","","","","1"
"2020-01","Toronto, Ontario","2011S0503535","Unemployment rate","Estimate","Unadjusted","Percentage","242","units","0","v91446081","23.5.1.2","5.0","","","","1"
"2020-02","Toronto, Ontario","2011S0503535","Unemployment rate","Estimate","Unadjusted","Percentage","242","units","0","v91446081","23.5.1.2","5.0","","","","1"
"2020-03","Toronto, Ontario","2011S0503535","Unemployment rate","Estimate","Unadjusted","Percentage","242","units","0","v91446081","23.5.1.2","6.0","","","","1"
"2020-04","Toronto, Ontario","2011S0503535","Unemployment rate","Estimate","Unadjusted","Percentage","242","units","0","v91446081","23.5.1.2","8.0","","","","1"
"2020-05","Toronto, Ontario","2011S0503535","Unemployment rate","Estimate","Unadjusted","Percentage","242","units","0","v91446081","23.5.1.2","11.6","","","","1"
"2020-06","Toronto, Ontario","2011S0503535","Unemployment rate","Estimate","Unadjusted","Percentage","242","units","0","v91446081","23.5.1.2","13.8","","","","1"
"2020-07","Toronto, Ontario","2011S0503535","Unemployment rate","Estimate","Unadjusted","Percentage","242","units","0","v91446081","23.5.1.2","15.0","","","","1"
"2020-08","Toronto, Ontario","2011S0503535","Unemployment rate","Estimate","Unadjusted","Percentage","242","units","0","v91446081","23.5.1.2","14.3","","","","1"
"2020-09","Toronto, Ontario","2011S0503535","Unemployment rate","Estimate","Unadjusted","Percentage","242","units","0","v91446081","23.5.1.2","13.1","","","","1"
"2020-10","Toronto, Ontario","2011S0503535","Unemployment rate","Estimate","Unadjusted","Percentage","242","units","0","v91446081","23.5.1.2","11.6","","","","1"
"2020-11","Toronto, Ontario","2011S0503535","Unemployment rate","Estimate","Unadjusted","Percentage","242","units","0","v91446081","23.5.1.2","10.3","","","","1"
"2020-12","Toronto, Ontario","2011S0503535","Unemployment rate","Estimate","Unadjusted","Percentage","242","units","0","v91446081","23.5.1.2","10.1","","","","1"
"2020-01","Hamilton, Ontario","2011S0503537","Unemployment rate","Estimate","Unadjusted","Percentage","242","units","0","v91446095","24.5.1.2","4.3","","","","1"
"2020-02","Hamilton, Ontario","2011S0503537","Unemployment rate","Estimate","Unadjusted","Percentage","242","units","0","v91446095","24.5.1.2","4.6","","","","1"
"2020-03","Hamilton, Ontario","2011S0503537","Unemployment rate","Estimate","Unadjusted","Percentage","242","units","0","v91446095","24.5.1.2","5.9","","","","1"
"2020-04","Hamilton, Ontario","2011S0503537","Unemployment rate","Estimate","Unadjusted","Percentage","242","units","0","v91446095","24.5.1.2","7.6","","","","1"
"2020-05","Hamilton, Ontario","2011S0503537","Unemployment rate","Estimate","Unadjusted","Percentage","242","units","0","v91446095","24.5.1.2","10.7","","","","1"
"2020-06","Hamilton, Ontario","2011S0503537","Unemployment rate","Estimate","Unadjusted","Percentage","242","units","0","v91446095","24.5.1.2","12.3","","","","1"
"2020-07","Hamilton, Ontario","2011S0503537","Unemployment rate","Estimate","Unadjusted","Percentage","242","units","0","v91446095","24.5.1.2","12.1","","","","1"
"2020-08","Hamilton, Ontario","2011S0503537","Unemployment rate","Estimate","Unadjusted","Percentage","242","units","0","v91446095","24.5.1.2","11.0","","","","1"
"2020-09","Hamilton, Ontario","2011S0503537","Unemployment rate","Estimate","Unadjusted","Percentage","242","units","0","v91446095","24.5.1.2","9.9","","","","1"
"2020-10","Hamilton, Ontario","2011S0503537","Unemployment rate","Estimate","Unadjusted","Percentage","242","units","0","v91446095","24.5.1.2","9.5","","","","1"
"2020-11","Hamilton, Ontario","2011S0503537","Unemployment rate","Estimate","Unadjusted","Percentage","242","units","0","v91446095","24.5.1.2","7.6","","","","1"
"2020-12","Hamilton, Ontario","2011S0503537","Unemployment rate","Estimate","Unadjusted","Percentage","242","units","0","v91446095","24.5.1.2","7.2","","","","1"
"2020-01","St. Catharines-Niagara, Ontario","2011S0503539","Unemployment rate","Estimate","Unadjusted","Percentage","242","units","0","v91446109","25.5.1.2","5.4","","","","1"
"2020-02","St. Catharines-Niagara, Ontario","2011S0503539","Unemployment rate","Estimate","Unadjusted","Percentage","242","units","0","v91446109","25.5.1.2","5.9","","","","1"
"2020-03","St. Catharines-Niagara, Ontario","2011S0503539","Unemployment rate","Estimate","Unadjusted","Percentage","242","units","0","v91446109","25.5.1.2","8.6","","","","1"
"2020-04","St. Catharines-Niagara, Ontario","2011S0503539","Unemployment rate","Estimate","Unadjusted","Percentage","242","units","0","v91446109","25.5.1.2","10.7","","","","1"
"2020-05","St. Catharines-Niagara, Ontario","2011S0503539","Unemployment rate","Estimate","Unadjusted","Percentage","242","units","0","v91446109","25.5.1.2","13.0","","","","1"
"2020-06","St. Catharines-Niagara, Ontario","2011S0503539","Unemployment rate","Estimate","Unadjusted","Percentage","242","units","0","v91446109","25.5.1.2","12.8","","","","1"
"2020-07","St. Catharines-Niagara, Ontario","2011S0503539","Unemployment rate","Estimate","Unadjusted","Percentage","242","units","0","v91446109","25.5.1.2","12.3","","","","1"
"2020-08","St. Catharines-Niagara, Ontario","2011S0503539","Unemployment rate","Estimate","Unadjusted","Percentage","242","units","0","v91446109","25.5.1.2","11.3","","","","1"
"2020-09","St. Catharines-Niagara, Ontario","2011S0503539","Unemployment rate","Estimate","Unadjusted","Percentage","242","units","0","v91446109","25.5.1.2","8.8","","","","1"
"2020-10","St. Catharines-Niagara, Ontario","2011S0503539","Unemployment rate","Estimate","Unadjusted","Percentage","242","units","0","v91446109","25.5.1.2","7.2","","","","1"
"2020-11","St. Catharines-Niagara, Ontario","2011S0503539","Unemployment rate","Estimate","Unadjusted","Percentage","242","units","0","v91446109","25.5.1.2","6.7","","","","1"
"2020-12","St. Catharines-Niagara, Ontario","2011S0503539","Unemployment rate","Estimate","Unadjusted","Percentage","242","units","0","v91446109","25.5.1.2","8.7","","","","1"
"2020-01","Kitchener-Cambridge-Waterloo, Ontario","2011S0503541","Unemployment rate","Estimate","Unadjusted","Percentage","242","units","0","v91446123","26.5.1.2","5.2","","","","1"
"2020-02","Kitchener-Cambridge-Waterloo, Ontario","2011S0503541","Unemployment rate","Estimate","Unadjusted","Percentage","242","units","0","v91446123","26.5.1.2","5.5","","","","1"
"2020-03","Kitchener-Cambridge-Waterloo, Ontario","2011S0503541","Unemployment rate","Estimate","Unadjusted","Percentage","242","units","0","v91446123","26.5.1.2","6.3","","","","1"
"2020-04","Kitchener-Cambridge-Waterloo, Ontario","2011S0503541","Unemployment rate","Estimate","Unadjusted","Percentage","242","units","0","v91446123","26.5.1.2","8.3","","","","1"
"2020-05","Kitchener-Cambridge-Waterloo, Ontario","2011S0503541","Unemployment rate","Estimate","Unadjusted","Percentage","242","units","0","v91446123","26.5.1.2","11.1","","","","1"
"2020-06","Kitchener-Cambridge-Waterloo, Ontario","2011S0503541","Unemployment rate","Estimate","Unadjusted","Percentage","242","units","0","v91446123","26.5.1.2","12.6","","","","1"
"2020-07","Kitchener-Cambridge-Waterloo, Ontario","2011S0503541","Unemployment rate","Estimate","Unadjusted","Percentage","242","units","0","v91446123","26.5.1.2","13.1","","","","1"
"2020-08","Kitchener-Cambridge-Waterloo, Ontario","2011S0503541","Unemployment rate","Estimate","Unadjusted","Percentage","242","units","0","v91446123","26.5.1.2","13.0","","","","1"
"2020-09","Kitchener-Cambridge-Waterloo, Ontario","2011S0503541","Unemployment rate","Estimate","Unadjusted","Percentage","242","units","0","v91446123","26.5.1.2","12.3","","","","1"
"2020-10","Kitchener-Cambridge-Waterloo, Ontario","2011S0503541","Unemployment rate","Estimate","Unadjusted","Percentage","242","units","0","v91446123","26.5.1.2","10.7","","","","1"
"2020-11","Kitchener-Cambridge-Waterloo, Ontario","2011S0503541","Unemployment rate","Estimate","Unadjusted","Percentage","242","units","0","v91446123","26.5.1.2","8.7","","","","1"
"2020-12","Kitchener-Cambridge-Waterloo, Ontario","2011S0503541","Unemployment rate","Estimate","Unadjusted","Percentage","242","units","0","v91446123","26.5.1.2","8.1","","","","1"
"2020-01","Brantford, Ontario","2011S0503543","Unemployment rate","Estimate","Unadjusted","Percentage","242","units","0","v91446137","27.5.1.2","4.3","","","","1"
"2020-02","Brantford, Ontario","2011S0503543","Unemployment rate","Estimate","Unadjusted","Percentage","242","units","0","v91446137","27.5.1.2","4.7","","","","1"
"2020-03","Brantford, Ontario","2011S0503543","Unemployment rate","Estimate","Unadjusted","Percentage","242","units","0","v91446137","27.5.1.2","6.0","","","","1"
"2020-04","Brantford, Ontario","2011S0503543","Unemployment rate","Estimate","Unadjusted","Percentage","242","units","0","v91446137","27.5.1.2","9.6","","","","1"
"2020-05","Brantford, Ontario","2011S0503543","Unemployment rate","Estimate","Unadjusted","Percentage","242","units","0","v91446137","27.5.1.2","11.5","","","","1"
"2020-06","Brantford, Ontario","2011S0503543","Unemployment rate","Estimate","Unadjusted","Percentage","242","units","0","v91446137","27.5.1.2","12.7","","","","1"
"2020-07","Brantford, Ontario","2011S0503543","Unemployment rate","Estimate","Unadjusted","Percentage","242","units","0","v91446137","27.5.1.2","10.5","","","","1"
"2020-08","Brantford, Ontario","2011S0503543","Unemployment rate","Estimate","Unadjusted","Percentage","242","units","0","v91446137","27.5.1.2","9.7","","","","1"
"2020-09","Brantford, Ontario","2011S0503543","Unemployment rate","Estimate","Unadjusted","Percentage","242","units","0","v91446137","27.5.1.2","8.1","","","","1"
"2020-10","Brantford, Ontario","2011S0503543","Unemployment rate","Estimate","Unadjusted","Percentage","242","units","0","v91446137","27.5.1.2","7.2","","","","1"
"2020-11","Brantford, Ontario","2011S0503543","Unemployment rate","Estimate","Unadjusted","Percentage","242","units","0","v91446137","27.5.1.2","6.5","","","","1"
"2020-12","Brantford, Ontario","2011S0503543","Unemployment rate","Estimate","Unadjusted","Percentage","242","units","0","v91446137","27.5.1.2","6.1","","","","1"
"2020-01","Guelph, Ontario","2011S0503550","Unemployment rate","Estimate","Unadjusted","Percentage","242","units","0","v91446151","28.5.1.2","4.4","","","","1"
"2020-02","Guelph, Ontario","2011S0503550","Unemployment rate","Estimate","Unadjusted","Percentage","242","units","0","v91446151","28.5.1.2","4.7","","","","1"
"2020-03","Guelph, Ontario","2011S0503550","Unemployment rate","Estimate","Unadjusted","Percentage","242","units","0","v91446151","28.5.1.2","5.5","","","","1"
"2020-04","Guelph, Ontario","2011S0503550","Unemployment rate","Estimate","Unadjusted","Percentage","242","units","0","v91446151","28.5.1.2","8.8","","","","1"
"2020-05","Guelph, Ontario","2011S0503550","Unemployment rate","Estimate","Unadjusted","Percentage","242","units","0","v91446151","28.5.1.2","13.3","","","","1"
"2020-06","Guelph, Ontario","2011S0503550","Unemployment rate","Estimate","Unadjusted","Percentage","242","units","0","v91446151","28.5.1.2","15.2","","","","1"
"2020-07","Guelph, Ontario","2011S0503550","Unemployment rate","Estimate","Unadjusted","Percentage","242","units","0","v91446151","28.5.1.2","14.0","","","","1"
"2020-08","Guelph, Ontario","2011S0503550","Unemployment rate","Estimate","Unadjusted","Percentage","242","units","0","v91446151","28.5.1.2","11.5","","","","1"
"2020-09","Guelph, Ontario","2011S0503550","Unemployment rate","Estimate","Unadjusted","Percentage","242","units","0","v91446151","28.5.1.2","10.0","","","","1"
"2020-10","Guelph, Ontario","2011S0503550","Unemployment rate","Estimate","Unadjusted","Percentage","242","units","0","v91446151","28.5.1.2","8.5","","","","1"
"2020-11","Guelph, Ontario","2011S0503550","Unemployment rate","Estimate","Unadjusted","Percentage","242","units","0","v91446151","28.5.1.2","6.6","","","","1"
"2020-12","Guelph, Ontario","2011S0503550","Unemployment rate","Estimate","Unadjusted","Percentage","242","units","0","v91446151","28.5.1.2","5.2","","","","1"
"2020-01","London, Ontario","2011S0503555","Unemployment rate","Estimate","Unadjusted","Percentage","242","units","0","v91446165","29.5.1.2","4.2","","","","1"
"2020-02","London, Ontario","2011S0503555","Unemployment rate","Estimate","Unadjusted","Percentage","242","units","0","v91446165","29.5.1.2","4.5","","","","1"
"2020-03","London, Ontario","2011S0503555","Unemployment rate","Estimate","Unadjusted","Percentage","242","units","0","v91446165","29.5.1.2","5.8","","","","1"
"2020-04","London, Ontario","2011S0503555","Unemployment rate","Estimate","Unadjusted","Percentage","242","units","0","v91446165","29.5.1.2","8.9","","","","1"
"2020-05","London, Ontario","2011S0503555","Unemployment rate","Estimate","Unadjusted","Percentage","242","units","0","v91446165","29.5.1.2","11.9","","","","1"
"2020-06","London, Ontario","2011S0503555","Unemployment rate","Estimate","Unadjusted","Percentage","242","units","0","v91446165","29.5.1.2","12.4","","","","1"
"2020-07","London, Ontario","2011S0503555","Unemployment rate","Estimate","Unadjusted","Percentage","242","units","0","v91446165","29.5.1.2","10.9","","","","1"
"2020-08","London, Ontario","2011S0503555","Unemployment rate","Estimate","Unadjusted","Percentage","242","units","0","v91446165","29.5.1.2","9.9","","","","1"
"2020-09","London, Ontario","2011S0503555","Unemployment rate","Estimate","Unadjusted","Percentage","242","units","0","v91446165","29.5.1.2","9.5","","","","1"
"2020-10","London, Ontario","2011S0503555","Unemployment rate","Estimate","Unadjusted","Percentage","242","units","0","v91446165","29.5.1.2","9.0","","","","1"
"2020-11","London, Ontario","2011S0503555","Unemployment rate","Estimate","Unadjusted","Percentage","242","units","0","v91446165","29.5.1.2","8.1","","","","1"
"2020-12","London, Ontario","2011S0503555","Unemployment rate","Estimate","Unadjusted","Percentage","242","units","0","v91446165","29.5.1.2","7.2","","","","1"
"2020-01","Windsor, Ontario","2011S0503559","Unemployment rate","Estimate","Unadjusted","Percentage","242","units","0","v91446179","30.5.1.2","7.9","","","","1"
"2020-02","Windsor, Ontario","2011S0503559","Unemployment rate","Estimate","Unadjusted","Percentage","242","units","0","v91446179","30.5.1.2","8.0","","","","1"
"2020-03","Windsor, Ontario","2011S0503559","Unemployment rate","Estimate","Unadjusted","Percentage","242","units","0","v91446179","30.5.1.2","10.4","","","","1"
"2020-04","Windsor, Ontario","2011S0503559","Unemployment rate","Estimate","Unadjusted","Percentage","242","units","0","v91446179","30.5.1.2","12.7","","","","1"
"2020-05","Windsor, Ontario","2011S0503559","Unemployment rate","Estimate","Unadjusted","Percentage","242","units","0","v91446179","30.5.1.2","16.6","","","","1"
"2020-06","Windsor, Ontario","2011S0503559","Unemployment rate","Estimate","Unadjusted","Percentage","242","units","0","v91446179","30.5.1.2","15.2","","","","1"
"2020-07","Windsor, Ontario","2011S0503559","Unemployment rate","Estimate","Unadjusted","Percentage","242","units","0","v91446179","30.5.1.2","13.1","","","","1"
"2020-08","Windsor, Ontario","2011S0503559","Unemployment rate","Estimate","Unadjusted","Percentage","242","units","0","v91446179","30.5.1.2","11.4","","","","1"
"2020-09","Windsor, Ontario","2011S0503559","Unemployment rate","Estimate","Unadjusted","Percentage","242","units","0","v91446179","30.5.1.2","10.7","","","","1"
"2020-10","Windsor, Ontario","2011S0503559","Unemployment rate","Estimate","Unadjusted","Percentage","242","units","0","v91446179","30.5.1.2","10.9","","","","1"
"2020-11","Windsor, Ontario","2011S0503559","Unemployment rate","Estimate","Unadjusted","Percentage","242","units","0","v91446179","30.5.1.2","9.7","","","","1"
"2020-12","Windsor, Ontario","2011S0503559","Unemployment rate","Estimate","Unadjusted","Percentage","242","units","0","v91446179","30.5.1.2","10.1","","","","1"
"2020-01","Barrie, Ontario","2011S0503568","Unemployment rate","Estimate","Unadjusted","Percentage","242","units","0","v91446193","31.5.1.2","5.0","","","","1"
"2020-02","Barrie, Ontario","2011S0503568","Unemployment rate","Estimate","Unadjusted","Percentage","242","units","0","v91446193","31.5.1.2","4.4","","","","1"
"2020-03","Barrie, Ontario","2011S0503568","Unemployment rate","Estimate","Unadjusted","Percentage","242","units","0","v91446193","31.5.1.2","5.8","","","","1"
"2020-04","Barrie, Ontario","2011S0503568","Unemployment rate","Estimate","Unadjusted","Percentage","242","units","0","v91446193","31.5.1.2","9.4","","","","1"
"2020-05","Barrie, Ontario","2011S0503568","Unemployment rate","Estimate","Unadjusted","Percentage","242","units","0","v91446193","31.5.1.2","12.0","","","","1"
"2020-06","Barrie, Ontario","2011S0503568","Unemployment rate","Estimate","Unadjusted","Percentage","242","units","0","v91446193","31.5.1.2","10.9","","","","1"
"2020-07","Barrie, Ontario","2011S0503568","Unemployment rate","Estimate","Unadjusted","Percentage","242","units","0","v91446193","31.5.1.2","9.6","","","","1"
"2020-08","Barrie, Ontario","2011S0503568","Unemployment rate","Estimate","Unadjusted","Percentage","242","units","0","v91446193","31.5.1.2","9.0","","","","1"
"2020-09","Barrie, Ontario","2011S0503568","Unemployment rate","Estimate","Unadjusted","Percentage","242","units","0","v91446193","31.5.1.2","9.3","","","","1"
"2020-10","Barrie, Ontario","2011S0503568","Unemployment rate","Estimate","Unadjusted","Percentage","242","units","0","v91446193","31.5.1.2","9.1","","","","1"
"2020-11","Barrie, Ontario","2011S0503568","Unemployment rate","Estimate","Unadjusted","Percentage","242","units","0","v91446193","31.5.1.2","10.5","","","","1"
"2020-12","Barrie, Ontario","2011S0503568","Unemployment rate","Estimate","Unadjusted","Percentage","242","units","0","v91446193","31.5.1.2","12.0","","","","1"
"2020-01","Greater Sudbury, Ontario","2011S0503580","Unemployment rate","Estimate","Unadjusted","Percentage","242","units","0","v91446207","32.5.1.2","4.8","","","","1"
"2020-02","Greater Sudbury, Ontario","2011S0503580","Unemployment rate","Estimate","Unadjusted","Percentage","242","units","0","v91446207","32.5.1.2","5.5","","","","1"
"2020-03","Greater Sudbury, Ontario","2011S0503580","Unemployment rate","Estimate","Unadjusted","Percentage","242","units","0","v91446207","32.5.1.2","6.3","","","","1"
"2020-04","Greater Sudbury, Ontario","2011S0503580","Unemployment rate","Estimate","Unadjusted","Percentage","242","units","0","v91446207","32.5.1.2","7.5","","","","1"
"2020-05","Greater Sudbury, Ontario","2011S0503580","Unemployment rate","Estimate","Unadjusted","Percentage","242","units","0","v91446207","32.5.1.2","9.5","","","","1"
"2020-06","Greater Sudbury, Ontario","2011S0503580","Unemployment rate","Estimate","Unadjusted","Percentage","242","units","0","v91446207","32.5.1.2","10.1","","","","1"
"2020-07","Greater Sudbury, Ontario","2011S0503580","Unemployment rate","Estimate","Unadjusted","Percentage","242","units","0","v91446207","32.5.1.2","9.6","","","","1"
"2020-08","Greater Sudbury, Ontario","2011S0503580","Unemployment rate","Estimate","Unadjusted","Percentage","242","units","0","v91446207","32.5.1.2","8.6","","","","1"
"2020-09","Greater Sudbury, Ontario","2011S0503580","Unemployment rate","Estimate","Unadjusted","Percentage","242","units","0","v91446207","32.5.1.2","8.1","","","","1"
"2020-10","Greater Sudbury, Ontario","2011S0503580","Unemployment rate","Estimate","Unadjusted","Percentage","242","units","0","v91446207","32.5.1.2","7.2","","","","1"
"2020-11","Greater Sudbury, Ontario","2011S0503580","Unemployment rate","Estimate","Unadjusted","Percentage","242","units","0","v91446207","32.5.1.2","6.6","","","","1"
"2020-12","Greater Sudbury, Ontario","2011S0503580","Unemployment rate","Estimate","Unadjusted","Percentage","242","units","0","v91446207","32.5.1.2","7.0","","","","1"
"2020-01","Thunder Bay, Ontario","2011S0503595","Unemployment rate","Estimate","Unadjusted","Percentage","242","units","0","v91446221","33.5.1.2","4.9","","","","1"
"2020-02","Thunder Bay, Ontario","2011S0503595","Unemployment rate","Estimate","Unadjusted","Percentage","242","units","0","v91446221","33.5.1.2","5.1","","","","1"
"2020-03","Thunder Bay, Ontario","2011S0503595","Unemployment rate","Estimate","Unadjusted","Percentage","242","units","0","v91446221","33.5.1.2","6.7","","","","1"
"2020-04","Thunder Bay, Ontario","2011S0503595","Unemployment rate","Estimate","Unadjusted","Percentage","242","units","0","v91446221","33.5.1.2","9.2","","","","1"
"2020-05","Thunder Bay, Ontario","2011S0503595","Unemployment rate","Estimate","Unadjusted","Percentage","242","units","0","v91446221","33.5.1.2","11.4","","","","1"
"2020-06","Thunder Bay, Ontario","2011S0503595","Unemployment rate","Estimate","Unadjusted","Percentage","242","units","0","v91446221","33.5.1.2","11.6","","","","1"
"2020-07","Thunder Bay, Ontario","2011S0503595","Unemployment rate","Estimate","Unadjusted","Percentage","242","units","0","v91446221","33.5.1.2","10.4","","","","1"
"2020-08","Thunder Bay, Ontario","2011S0503595","Unemployment rate","Estimate","Unadjusted","Percentage","242","units","0","v91446221","33.5.1.2","9.3","","","","1"
"2020-09","Thunder Bay, Ontario","2011S0503595","Unemployment rate","Estimate","Unadjusted","Percentage","242","units","0","v91446221","33.5.1.2","7.9","","","","1"
"2020-10","Thunder Bay, Ontario","2011S0503595","Unemployment rate","Estimate","Unadjusted","Percentage","242","units","0","v91446221","33.5.1.2","7.1","","","","1"
"2020-11","Thunder Bay, Ontario","2011S0503595","Unemployment rate","Estimate","Unadjusted","Percentage","242","units","0","v91446221","33.5.1.2","6.8","","","","1"
"2020-12","Thunder Bay, Ontario","2011S0503595","Unemployment rate","Estimate","Unadjusted","Percentage","242","units","0","v91446221","33.5.1.2","7.0","","","","1"
"2020-01","Manitoba","2016A000246","Unemployment rate","Estimate","Unadjusted","Percentage","242","units","0","v91446235","34.5.1.2","5.0","","","","1"
"2020-02","Manitoba","2016A000246","Unemployment rate","Estimate","Unadjusted","Percentage","242","units","0","v91446235","34.5.1.2","5.0","","","","1"
"2020-03","Manitoba","2016A000246","Unemployment rate","Estimate","Unadjusted","Percentage","242","units","0","v91446235","34.5.1.2","5.7","","","","1"
"2020-04","Manitoba","2016A000246","Unemployment rate","Estimate","Unadjusted","Percentage","242","units","0","v91446235","34.5.1.2","7.7","","","","1"
"2020-05","Manitoba","2016A000246","Unemployment rate","Estimate","Unadjusted","Percentage","242","units","0","v91446235","34.5.1.2","9.6","","","","1"
"2020-06","Manitoba","2016A000246","Unemployment rate","Estimate","Unadjusted","Percentage","242","units","0","v91446235","34.5.1.2","10.6","","","","1"
"2020-07","Manitoba","2016A000246","Unemployment rate","Estimate","Unadjusted","Percentage","242","units","0","v91446235","34.5.1.2","9.9","","","","1"
"2020-08","Manitoba","2016A000246","Unemployment rate","Estimate","Unadjusted","Percentage","242","units","0","v91446235","34.5.1.2","9.5","","","","1"
"2020-09","Manitoba","2016A000246","Unemployment rate","Estimate","Unadjusted","Percentage","242","units","0","v91446235","34.5.1.2","8.5","","","","1"
"2020-10","Manitoba","2016A000246","Unemployment rate","Estimate","Unadjusted","Percentage","242","units","0","v91446235","34.5.1.2","7.5","","","","1"
"2020-11","Manitoba","2016A000246","Unemployment rate","Estimate","Unadjusted","Percentage","242","units","0","v91446235","34.5.1.2","6.7","","","","1"
"2020-12","Manitoba","2016A000246","Unemployment rate","Estimate","Unadjusted","Percentage","242","units","0","v91446235","34.5.1.2","7.0","","","","1"
"2020-01","Winnipeg, Manitoba","2011S0503602","Unemployment rate","Estimate","Unadjusted","Percentage","242","units","0","v91446249","35.5.1.2","4.8","","","","1"
"2020-02","Winnipeg, Manitoba","2011S0503602","Unemployment rate","Estimate","Unadjusted","Percentage","242","units","0","v91446249","35.5.1.2","4.9","","","","1"
"2020-03","Winnipeg, Manitoba","2011S0503602","Unemployment rate","Estimate","Unadjusted","Percentage","242","units","0","v91446249","35.5.1.2","5.6","","","","1"
"2020-04","Winnipeg, Manitoba","2011S0503602","Unemployment rate","Estimate","Unadjusted","Percentage","242","units","0","v91446249","35.5.1.2","7.8","","","","1"
"2020-05","Winnipeg, Manitoba","2011S0503602","Unemployment rate","Estimate","Unadjusted","Percentage","242","units","0","v91446249","35.5.1.2","10.3","","","","1"
"2020-06","Winnipeg, Manitoba","2011S0503602","Unemployment rate","Estimate","Unadjusted","Percentage","242","units","0","v91446249","35.5.1.2","11.5","","","","1"
"2020-07","Winnipeg, Manitoba","2011S0503602","Unemployment rate","Estimate","Unadjusted","Percentage","242","units","0","v91446249","35.5.1.2","11.2","","","","1"
"2020-08","Winnipeg, Manitoba","2011S0503602","Unemployment rate","Estimate","Unadjusted","Percentage","242","units","0","v91446249","35.5.1.2","10.8","","","","1"
"2020-09","Winnipeg, Manitoba","2011S0503602","Unemployment rate","Estimate","Unadjusted","Percentage","242","units","0","v91446249","35.5.1.2","9.9","","","","1"
"2020-10","Winnipeg, Manitoba","2011S0503602","Unemployment rate","Estimate","Unadjusted","Percentage","242","units","0","v91446249","35.5.1.2","8.7","","","","1"
"2020-11","Winnipeg, Manitoba","2011S0503602","Unemployment rate","Estimate","Unadjusted","Percentage","242","units","0","v91446249","35.5.1.2","7.8","","","","1"
"2020-12","Winnipeg, Manitoba","2011S0503602","Unemployment rate","Estimate","Unadjusted","Percentage","242","units","0","v91446249","35.5.1.2","8.0","","","","1"
"2020-01","Saskatchewan","2016A000247","Unemployment rate","Estimate","Unadjusted","Percentage","242","units","0","v91446263","36.5.1.2","5.7","","","","1"
"2020-02","Saskatchewan","2016A000247","Unemployment rate","Estimate","Unadjusted","Percentage","242","units","0","v91446263","36.5.1.2","5.9","","","","1"
"2020-03","Saskatchewan","2016A000247","Unemployment rate","Estimate","Unadjusted","Percentage","242","units","0","v91446263","36.5.1.2","6.7","","","","1"
"2020-04","Saskatchewan","2016A000247","Unemployment rate","Estimate","Unadjusted","Percentage","242","units","0","v91446263","36.5.1.2","8.7","","","","1"
"2020-05","Saskatchewan","2016A000247","Unemployment rate","Estimate","Unadjusted","Percentage","242","units","0","v91446263","36.5.1.2","11.0","","","","1"
"2020-06","Saskatchewan","2016A000247","Unemployment rate","Estimate","Unadjusted","Percentage","242","units","0","v91446263","36.5.1.2","11.9","","","","1"
"2020-07","Saskatchewan","2016A000247","Unemployment rate","Estimate","Unadjusted","Percentage","242","units","0","v91446263","36.5.1.2","10.9","","","","1"
"2020-08","Saskatchewan","2016A000247","Unemployment rate","Estimate","Unadjusted","Percentage","242","units","0","v91446263","36.5.1.2","9.6","","","","1"
"2020-09","Saskatchewan","2016A000247","Unemployment rate","Estimate","Unadjusted","Percentage","242","units","0","v91446263","36.5.1.2","8.1","","","","1"
"2020-10","Saskatchewan","2016A000247","Unemployment rate","Estimate","Unadjusted","Percentage","242","units","0","v91446263","36.5.1.2","6.8","","","","1"
"2020-11","Saskatchewan","2016A000247","Unemployment rate","Estimate","Unadjusted","Percentage","242","units","0","v91446263","36.5.1.2","6.0","","","","1"
"2020-12","Saskatchewan","2016A000247","Unemployment rate","Estimate","Unadjusted","Percentage","242","units","0","v91446263","36.5.1.2","6.5","","","","1"
"2020-01","Regina, Saskatchewan","2011S0503705","Unemployment rate","Estimate","Unadjusted","Percentage","242","units","0","v91446277","37.5.1.2","6.3","","","","1"
"2020-02","Regina, Saskatchewan","2011S0503705","Unemployment rate","Estimate","Unadjusted","Percentage","242","units","0","v91446277","37.5.1.2","6.4","","","","1"
"2020-03","Regina, Saskatchewan","2011S0503705","Unemployment rate","Estimate","Unadjusted","Percentage","242","units","0","v91446277","37.5.1.2","7.4","","","","1"
"2020-04","Regina, Saskatchewan","2011S0503705","Unemployment rate","Estimate","Unadjusted","Percentage","242","units","0","v91446277","37.5.1.2","8.7","","","","1"
"2020-05","Regina, Saskatchewan","2011S0503705","Unemployment rate","Estimate","Unadjusted","Percentage","242","units","0","v91446277","37.5.1.2","10.8","","","","1"
"2020-06","Regina, Saskatchewan","2011S0503705","Unemployment rate","Estimate","Unadjusted","Percentage","242","units","0","v91446277","37.5.1.2","11.6","","","","1"
"2020-07","Regina, Saskatchewan","2011S0503705","Unemployment rate","Estimate","Unadjusted","Percentage","242","units","0","v91446277","37.5.1.2","10.9","","","","1"
"2020-08","Regina, Saskatchewan","2011S0503705","Unemployment rate","Estimate","Unadjusted","Percentage","242","units","0","v91446277","37.5.1.2","9.7","","","","1"
"2020-09","Regina, Saskatchewan","2011S0503705","Unemployment rate","Estimate","Unadjusted","Percentage","242","units","0","v91446277","37.5.1.2","7.8","","","","1"
"2020-10","Regina, Saskatchewan","2011S0503705","Unemployment rate","Estimate","Unadjusted","Percentage","242","units","0","v91446277","37.5.1.2","6.1","","","","1"
"2020-11","Regina, Saskatchewan","2011S0503705","Unemployment rate","Estimate","Unadjusted","Percentage","242","units","0","v91446277","37.5.1.2","5.1","","","","1"
"2020-12","Regina, Saskatchewan","2011S0503705","Unemployment rate","Estimate","Unadjusted","Percentage","242","units","0","v91446277","37.5.1.2","5.7","","","","1"
"2020-01","Saskatoon, Saskatchewan","2011S0503725","Unemployment rate","Estimate","Unadjusted","Percentage","242","units","0","v91446291","38.5.1.2","5.7","","","","1"
"2020-02","Saskatoon, Saskatchewan","2011S0503725","Unemployment rate","Estimate","Unadjusted","Percentage","242","units","0","v91446291","38.5.1.2","6.3","","","","1"
"2020-03","Saskatoon, Saskatchewan","2011S0503725","Unemployment rate","Estimate","Unadjusted","Percentage","242","units","0","v91446291","38.5.1.2","7.3","","","","1"
"2020-04","Saskatoon, Saskatchewan","2011S0503725","Unemployment rate","Estimate","Unadjusted","Percentage","242","units","0","v91446291","38.5.1.2","10.3","","","","1"
"2020-05","Saskatoon, Saskatchewan","2011S0503725","Unemployment rate","Estimate","Unadjusted","Percentage","242","units","0","v91446291","38.5.1.2","13.0","","","","1"
"2020-06","Saskatoon, Saskatchewan","2011S0503725","Unemployment rate","Estimate","Unadjusted","Percentage","242","units","0","v91446291","38.5.1.2","14.2","","","","1"
"2020-07","Saskatoon, Saskatchewan","2011S0503725","Unemployment rate","Estimate","Unadjusted","Percentage","242","units","0","v91446291","38.5.1.2","12.8","","","","1"
"2020-08","Saskatoon, Saskatchewan","2011S0503725","Unemployment rate","Estimate","Unadjusted","Percentage","242","units","0","v91446291","38.5.1.2","11.1","","","","1"
"2020-09","Saskatoon, Saskatchewan","2011S0503725","Unemployment rate","Estimate","Unadjusted","Percentage","242","units","0","v91446291","38.5.1.2","9.5","","","","1"
"2020-10","Saskatoon, Saskatchewan","2011S0503725","Unemployment rate","Estimate","Unadjusted","Percentage","242","units","0","v91446291","38.5.1.2","7.9","","","","1"
"2020-11","Saskatoon, Saskatchewan","2011S0503725","Unemployment rate","Estimate","Unadjusted","Percentage","242","units","0","v91446291","38.5.1.2","7.1","","","","1"
"2020-12","Saskatoon, Saskatchewan","2011S0503725","Unemployment rate","Estimate","Unadjusted","Percentage","242","units","0","v91446291","38.5.1.2","7.5","","","","1"
"2020-01","Alberta","2016A000248","Unemployment rate","Estimate","Unadjusted","Percentage","242","units","0","v91446305","39.5.1.2","7.0","","","","1"
"2020-02","Alberta","2016A000248","Unemployment rate","Estimate","Unadjusted","Percentage","242","units","0","v91446305","39.5.1.2","7.2","","","","1"
"2020-03","Alberta","2016A000248","Unemployment rate","Estimate","Unadjusted","Percentage","242","units","0","v91446305","39.5.1.2","8.1","","","","1"
"2020-04","Alberta","2016A000248","Unemployment rate","Estimate","Unadjusted","Percentage","242","units","0","v91446305","39.5.1.2","10.1","","","","1"
"2020-05","Alberta","2016A000248","Unemployment rate","Estimate","Unadjusted","Percentage","242","units","0","v91446305","39.5.1.2","13.0","","","","1"
"2020-06","Alberta","2016A000248","Unemployment rate","Estimate","Unadjusted","Percentage","242","units","0","v91446305","39.5.1.2","14.8","","","","1"
"2020-07","Alberta","2016A000248","Unemployment rate","Estimate","Unadjusted","Percentage","242","units","0","v91446305","39.5.1.2","14.5","","","","1"
"2020-08","Alberta","2016A000248","Unemployment rate","Estimate","Unadjusted","Percentage","242","units","0","v91446305","39.5.1.2","13.5","","","","1"
"2020-09","Alberta","2016A000248","Unemployment rate","Estimate","Unadjusted","Percentage","242","units","0","v91446305","39.5.1.2","12.3","","","","1"
"2020-10","Alberta","2016A000248","Unemployment rate","Estimate","Unadjusted","Percentage","242","units","0","v91446305","39.5.1.2","11.2","","","","1"
"2020-11","Alberta","2016A000248","Unemployment rate","Estimate","Unadjusted","Percentage","242","units","0","v91446305","39.5.1.2","10.4","","","","1"
"2020-12","Alberta","2016A000248","Unemployment rate","Estimate","Unadjusted","Percentage","242","units","0","v91446305","39.5.1.2","10.1","","","","1"
"2020-01","Calgary, Alberta","2011S0503825","Unemployment rate","Estimate","Unadjusted","Percentage","242","units","0","v91446319","40.5.1.2","7.1","","","","1"
"2020-02","Calgary, Alberta","2011S0503825","Unemployment rate","Estimate","Unadjusted","Percentage","242","units","0","v91446319","40.5.1.2","7.4","","","","1"
"2020-03","Calgary, Alberta","2011S0503825","Unemployment rate","Estimate","Unadjusted","Percentage","242","units","0","v91446319","40.5.1.2","8.9","","","","1"
"2020-04","Calgary, Alberta","2011S0503825","Unemployment rate","Estimate","Unadjusted","Percentage","242","units","0","v91446319","40.5.1.2","10.9","","","","1"
"2020-05","Calgary, Alberta","2011S0503825","Unemployment rate","Estimate","Unadjusted","Percentage","242","units","0","v91446319","40.5.1.2","13.3","","","","1"
"2020-06","Calgary, Alberta","2011S0503825","Unemployment rate","Estimate","Unadjusted","Percentage","242","units","0","v91446319","40.5.1.2","15.2","","","","1"
"2020-07","Calgary, Alberta","2011S0503825","Unemployment rate","Estimate","Unadjusted","Percentage","242","units","0","v91446319","40.5.1.2","15.3","","","","1"
"2020-08","Calgary, Alberta","2011S0503825","Unemployment rate","Estimate","Unadjusted","Percentage","242","units","0","v91446319","40.5.1.2","14.6","","","","1"
"2020-09","Calgary, Alberta","2011S0503825","Unemployment rate","Estimate","Unadjusted","Percentage","242","units","0","v91446319","40.5.1.2","12.8","","","","1"
"2020-10","Calgary, Alberta","2011S0503825","Unemployment rate","Estimate","Unadjusted","Percentage","242","units","0","v91446319","40.5.1.2","11.5","","","","1"
"2020-11","Calgary, Alberta","2011S0503825","Unemployment rate","Estimate","Unadjusted","Percentage","242","units","0","v91446319","40.5.1.2","10.6","","","","1"
"2020-12","Calgary, Alberta","2011S0503825","Unemployment rate","Estimate","Unadjusted","Percentage","242","units","0","v91446319","40.5.1.2","10.1","","","","1"
"2020-01","Edmonton, Alberta","2011S0503835","Unemployment rate","Estimate","Unadjusted","Percentage","242","units","0","v91446333","41.5.1.2","7.9","","","","1"
"2020-02","Edmonton, Alberta","2011S0503835","Unemployment rate","Estimate","Unadjusted","Percentage","242","units","0","v91446333","41.5.1.2","7.7","","","","1"
"2020-03","Edmonton, Alberta","2011S0503835","Unemployment rate","Estimate","Unadjusted","Percentage","242","units","0","v91446333","41.5.1.2","8.2","","","","1"
"2020-04","Edmonton, Alberta","2011S0503835","Unemployment rate","Estimate","Unadjusted","Percentage","242","units","0","v91446333","41.5.1.2","10.1","","","","1"
"2020-05","Edmonton, Alberta","2011S0503835","Unemployment rate","Estimate","Unadjusted","Percentage","242","units","0","v91446333","41.5.1.2","13.9","","","","1"
"2020-06","Edmonton, Alberta","2011S0503835","Unemployment rate","Estimate","Unadjusted","Percentage","242","units","0","v91446333","41.5.1.2","15.8","","","","1"
"2020-07","Edmonton, Alberta","2011S0503835","Unemployment rate","Estimate","Unadjusted","Percentage","242","units","0","v91446333","41.5.1.2","15.4","","","","1"
"2020-08","Edmonton, Alberta","2011S0503835","Unemployment rate","Estimate","Unadjusted","Percentage","242","units","0","v91446333","41.5.1.2","14.0","","","","1"
"2020-09","Edmonton, Alberta","2011S0503835","Unemployment rate","Estimate","Unadjusted","Percentage","242","units","0","v91446333","41.5.1.2","12.9","","","","1"
"2020-10","Edmonton, Alberta","2011S0503835","Unemployment rate","Estimate","Unadjusted","Percentage","242","units","0","v91446333","41.5.1.2","11.7","","","","1"
"2020-11","Edmonton, Alberta","2011S0503835","Unemployment rate","Estimate","Unadjusted","Percentage","242","units","0","v91446333","41.5.1.2","10.6","","","","1"
"2020-12","Edmonton, Alberta","2011S0503835","Unemployment rate","Estimate","Unadjusted","Percentage","242","units","0","v91446333","41.5.1.2","10.5","","","","1"
"2020-01","British Columbia","2016A000259","Unemployment rate","Estimate","Unadjusted","Percentage","242","units","0","v91446347","42.5.1.2","4.7","","","","1"
"2020-02","British Columbia","2016A000259","Unemployment rate","Estimate","Unadjusted","Percentage","242","units","0","v91446347","42.5.1.2","4.8","","","","1"
"2020-03","British Columbia","2016A000259","Unemployment rate","Estimate","Unadjusted","Percentage","242","units","0","v91446347","42.5.1.2","5.9","","","","1"
"2020-04","British Columbia","2016A000259","Unemployment rate","Estimate","Unadjusted","Percentage","242","units","0","v91446347","42.5.1.2","8.0","","","","1"
"2020-05","British Columbia","2016A000259","Unemployment rate","Estimate","Unadjusted","Percentage","242","units","0","v91446347","42.5.1.2","10.7","","","","1"
"2020-06","British Columbia","2016A000259","Unemployment rate","Estimate","Unadjusted","Percentage","242","units","0","v91446347","42.5.1.2","12.3","","","","1"
"2020-07","British Columbia","2016A000259","Unemployment rate","Estimate","Unadjusted","Percentage","242","units","0","v91446347","42.5.1.2","12.1","","","","1"
"2020-08","British Columbia","2016A000259","Unemployment rate","Estimate","Unadjusted","Percentage","242","units","0","v91446347","42.5.1.2","11.5","","","","1"
"2020-09","British Columbia","2016A000259","Unemployment rate","Estimate","Unadjusted","Percentage","242","units","0","v91446347","42.5.1.2","10.1","","","","1"
"2020-10","British Columbia","2016A000259","Unemployment rate","Estimate","Unadjusted","Percentage","242","units","0","v91446347","42.5.1.2","9.0","","","","1"
"2020-11","British Columbia","2016A000259","Unemployment rate","Estimate","Unadjusted","Percentage","242","units","0","v91446347","42.5.1.2","7.6","","","","1"
"2020-12","British Columbia","2016A000259","Unemployment rate","Estimate","Unadjusted","Percentage","242","units","0","v91446347","42.5.1.2","7.2","","","","1"
"2020-01","Kelowna, British Columbia","2011S0503915","Unemployment rate","Estimate","Unadjusted","Percentage","242","units","0","v91446361","43.5.1.2","4.8","","","","1"
"2020-02","Kelowna, British Columbia","2011S0503915","Unemployment rate","Estimate","Unadjusted","Percentage","242","units","0","v91446361","43.5.1.2","5.6","","","","1"
"2020-03","Kelowna, British Columbia","2011S0503915","Unemployment rate","Estimate","Unadjusted","Percentage","242","units","0","v91446361","43.5.1.2","6.6","","","","1"
"2020-04","Kelowna, British Columbia","2011S0503915","Unemployment rate","Estimate","Unadjusted","Percentage","242","units","0","v91446361","43.5.1.2","8.5","","","","1"
"2020-05","Kelowna, British Columbia","2011S0503915","Unemployment rate","Estimate","Unadjusted","Percentage","242","units","0","v91446361","43.5.1.2","9.6","","","","1"
"2020-06","Kelowna, British Columbia","2011S0503915","Unemployment rate","Estimate","Unadjusted","Percentage","242","units","0","v91446361","43.5.1.2","9.4","","","","1"
"2020-07","Kelowna, British Columbia","2011S0503915","Unemployment rate","Estimate","Unadjusted","Percentage","242","units","0","v91446361","43.5.1.2","9.0","","","","1"
"2020-08","Kelowna, British Columbia","2011S0503915","Unemployment rate","Estimate","Unadjusted","Percentage","242","units","0","v91446361","43.5.1.2","8.6","","","","1"
"2020-09","Kelowna, British Columbia","2011S0503915","Unemployment rate","Estimate","Unadjusted","Percentage","242","units","0","v91446361","43.5.1.2","8.0","","","","1"
"2020-10","Kelowna, British Columbia","2011S0503915","Unemployment rate","Estimate","Unadjusted","Percentage","242","units","0","v91446361","43.5.1.2","6.7","","","","1"
"2020-11","Kelowna, British Columbia","2011S0503915","Unemployment rate","Estimate","Unadjusted","Percentage","242","units","0","v91446361","43.5.1.2","5.0","","","","1"
"2020-12","Kelowna, British Columbia","2011S0503915","Unemployment rate","Estimate","Unadjusted","Percentage","242","units","0","v91446361","43.5.1.2","4.7","","","","1"
"2020-01","Abbotsford-Mission, British Columbia","2011S0503932","Unemployment rate","Estimate","Unadjusted","Percentage","242","units","0","v91446375","44.5.1.2","5.4","","","","1"
"2020-02","Abbotsford-Mission, British Columbia","2011S0503932","Unemployment rate","Estimate","Unadjusted","Percentage","242","units","0","v91446375","44.5.1.2","5.1","","","","1"
"2020-03","Abbotsford-Mission, British Columbia","2011S0503932","Unemployment rate","Estimate","Unadjusted","Percentage","242","units","0","v91446375","44.5.1.2","5.4","","","","1"
"2020-04","Abbotsford-Mission, British Columbia","2011S0503932","Unemployment rate","Estimate","Unadjusted","Percentage","242","units","0","v91446375","44.5.1.2","6.2","","","","1"
"2020-05","Abbotsford-Mission, British Columbia","2011S0503932","Unemployment rate","Estimate","Unadjusted","Percentage","242","units","0","v91446375","44.5.1.2","7.7","","","","1"
"2020-06","Abbotsford-Mission, British Columbia","2011S0503932","Unemployment rate","Estimate","Unadjusted","Percentage","242","units","0","v91446375","44.5.1.2","8.9","","","","1"
"2020-07","Abbotsford-Mission, British Columbia","2011S0503932","Unemployment rate","Estimate","Unadjusted","Percentage","242","units","0","v91446375","44.5.1.2","8.5","","","","1"
"2020-08","Abbotsford-Mission, British Columbia","2011S0503932","Unemployment rate","Estimate","Unadjusted","Percentage","242","units","0","v91446375","44.5.1.2","8.6","","","","1"
"2020-09","Abbotsford-Mission, British Columbia","2011S0503932","Unemployment rate","Estimate","Unadjusted","Percentage","242","units","0","v91446375","44.5.1.2","7.9","","","","1"
"2020-10","Abbotsford-Mission, British Columbia","2011S0503932","Unemployment rate","Estimate","Unadjusted","Percentage","242","units","0","v91446375","44.5.1.2","8.3","","","","1"
"2020-11","Abbotsford-Mission, British Columbia","2011S0503932","Unemployment rate","Estimate","Unadjusted","Percentage","242","units","0","v91446375","44.5.1.2","7.7","","","","1"
"2020-12","Abbotsford-Mission, British Columbia","2011S0503932","Unemployment rate","Estimate","Unadjusted","Percentage","242","units","0","v91446375","44.5.1.2","8.1","","","","1"
"2020-01","Vancouver, British Columbia","2011S0503933","Unemployment rate","Estimate","Unadjusted","Percentage","242","units","0","v91446389","45.5.1.2","4.3","","","","1"
"2020-02","Vancouver, British Columbia","2011S0503933","Unemployment rate","Estimate","Unadjusted","Percentage","242","units","0","v91446389","45.5.1.2","4.2","","","","1"
"2020-03","Vancouver, British Columbia","2011S0503933","Unemployment rate","Estimate","Unadjusted","Percentage","242","units","0","v91446389","45.5.1.2","5.4","","","","1"
"2020-04","Vancouver, British Columbia","2011S0503933","Unemployment rate","Estimate","Unadjusted","Percentage","242","units","0","v91446389","45.5.1.2","7.6","","","","1"
"2020-05","Vancouver, British Columbia","2011S0503933","Unemployment rate","Estimate","Unadjusted","Percentage","242","units","0","v91446389","45.5.1.2","10.8","","","","1"
"2020-06","Vancouver, British Columbia","2011S0503933","Unemployment rate","Estimate","Unadjusted","Percentage","242","units","0","v91446389","45.5.1.2","13.0","","","","1"
"2020-07","Vancouver, British Columbia","2011S0503933","Unemployment rate","Estimate","Unadjusted","Percentage","242","units","0","v91446389","45.5.1.2","13.3","","","","1"
"2020-08","Vancouver, British Columbia","2011S0503933","Unemployment rate","Estimate","Unadjusted","Percentage","242","units","0","v91446389","45.5.1.2","12.9","","","","1"
"2020-09","Vancouver, British Columbia","2011S0503933","Unemployment rate","Estimate","Unadjusted","Percentage","242","units","0","v91446389","45.5.1.2","11.2","","","","1"
"2020-10","Vancouver, British Columbia","2011S0503933","Unemployment rate","Estimate","Unadjusted","Percentage","242","units","0","v91446389","45.5.1.2","9.7","","","","1"
"2020-11","Vancouver, British Columbia","2011S0503933","Unemployment rate","Estimate","Unadjusted","Percentage","242","units","0","v91446389","45.5.1.2","7.9","","","","1"
"2020-12","Vancouver, British Columbia","2011S0503933","Unemployment rate","Estimate","Unadjusted","Percentage","242","units","0","v91446389","45.5.1.2","7.1","","","","1"
"2020-01","Victoria, British Columbia","2011S0503935","Unemployment rate","Estimate","Unadjusted","Percentage","242","units","0","v91446403","46.5.1.2","3.6","","","","1"
"2020-02","Victoria, British Columbia","2011S0503935","Unemployment rate","Estimate","Unadjusted","Percentage","242","units","0","v91446403","46.5.1.2","3.5","","","","1"
"2020-03","Victoria, British Columbia","2011S0503935","Unemployment rate","Estimate","Unadjusted","Percentage","242","units","0","v91446403","46.5.1.2","4.7","","","","1"
"2020-04","Victoria, British Columbia","2011S0503935","Unemployment rate","Estimate","Unadjusted","Percentage","242","units","0","v91446403","46.5.1.2","7.1","","","","1"
"2020-05","Victoria, British Columbia","2011S0503935","Unemployment rate","Estimate","Unadjusted","Percentage","242","units","0","v91446403","46.5.1.2","10.0","","","","1"
"2020-06","Victoria, British Columbia","2011S0503935","Unemployment rate","Estimate","Unadjusted","Percentage","242","units","0","v91446403","46.5.1.2","11.1","","","","1"
"2020-07","Victoria, British Columbia","2011S0503935","Unemployment rate","Estimate","Unadjusted","Percentage","242","units","0","v91446403","46.5.1.2","11.2","","","","1"
"2020-08","Victoria, British Columbia","2011S0503935","Unemployment rate","Estimate","Unadjusted","Percentage","242","units","0","v91446403","46.5.1.2","10.6","","","","1"
"2020-09","Victoria, British Columbia","2011S0503935","Unemployment rate","Estimate","Unadjusted","Percentage","242","units","0","v91446403","46.5.1.2","9.3","","","","1"
"2020-10","Victoria, British Columbia","2011S0503935","Unemployment rate","Estimate","Unadjusted","Percentage","242","units","0","v91446403","46.5.1.2","7.7","","","","1"
"2020-11","Victoria, British Columbia","2011S0503935","Unemployment rate","Estimate","Unadjusted","Percentage","242","units","0","v91446403","46.5.1.2","6.1","","","","1"
"2020-12","Victoria, British Columbia","2011S0503935","Unemployment rate","Estimate","Unadjusted","Percentage","242","units","0","v91446403","46.5.1.2","5.6","","","","1"


